produto,preco,preco_desconto,nota,qtd_vendidos,Std_preco,minmax_preco,marca_freq,sazonalidade_ordinal,material_freq,publico_voltado_ordinal,preco_sts,preco_desconto_minmax,preco_desconto_std,preco_desconto_sts,minmax_avaliacoes,std_avaliacoes,qtd_vendidos_sts,cod_produto,freq_produto
Kit 10 Cuecas Boxer Lupo Cueca Box Algodão Masculina Atacado,232.89,190.97,4.5,10000,1.6,0.69,0.11,2.0,0.39,0.0,14.88,0.59,1.6,15.35,0.33,2.33,5.0,85,0.01
Kit Com 10 Cuecas Boxer Algodão Sem Costura Zorba 781,199.9,159.92,4.7,50000,1.09,0.58,0.03,0.0,0.39,0.0,14.02,0.48,1.01,14.25,0.63,4.76,5.37,158,0.0
Kit 10 Cuecas Boxer Mash Algodão Cotton Box Original Oferta,229.39,178.92,4.6,10000,1.55,0.68,0.03,1.0,0.39,0.0,14.79,0.54,1.37,14.94,0.19,1.11,5.0,87,0.0
Kit 3 Short Jeans Feminino Cintura Alta Barato Atacado,129.2,117.57,4.4,1000,-0.0,0.34,0.04,1.0,0.06,1.0,11.79,0.33,0.2,12.5,0.06,0.02,4.31,125,0.0
Blusa + Calça Térmica Treino Futebol Criança Infantil Fleece,78.03,74.13,4.7,100,-0.8,0.17,0.01,2.0,0.0,3.0,9.58,0.18,-0.63,10.21,0.01,-0.39,3.34,16,0.0
Kit 4 Cuecas Boxer Lupo Em Algodão Masculina Cotton Original,89.9,70.12,4.6,10000,-0.61,0.21,0.11,1.0,0.39,0.0,10.16,0.17,-0.71,9.96,0.26,1.74,5.0,135,0.0
Kit 2 Cuecas Boxer Lupo Basic Microfibra Sem Costura Box,69.99,48.99,4.8,10000,-0.92,0.15,0.11,1.0,0.08,0.0,9.14,0.09,-1.11,8.46,0.16,0.86,5.0,101,0.0
Pacote 4 Cuecas Boxer Algodão Box Masculina Cotton Zorba,105.99,79.49,4.6,10000,-0.36,0.27,0.03,3.0,0.39,0.0,10.87,0.2,-0.53,10.53,0.25,1.65,5.0,172,0.0
Faixa Peitoral Para Ginecomastia Reduz Volume Do Peito Homem,119.31,97.83,4.4,1000,-0.16,0.31,0.01,0.0,0.01,0.0,11.41,0.26,-0.18,11.54,0.01,-0.37,4.31,75,0.0
"Kit Com 4 Short Para Usar Embaixo Da Roupa, Vestido, Saia",57.93,51.56,4.2,1000,-1.11,0.11,0.02,1.0,0.19,1.0,8.43,0.1,-1.06,8.66,0.01,-0.37,4.31,162,0.0
Macacão Roupa De Apicultor Completa Proteção Contra Abelhas,203.88,154.95,4.3,1000,1.15,0.59,0.05,0.0,0.03,2.0,14.13,0.46,0.91,14.06,0.02,-0.28,4.31,167,0.0
Macacão Apicultor Roupa Proteção Abelha Com Máscara + Brinde,166.21,149.59,4.1,1000,0.57,0.47,0.05,0.0,0.39,2.0,13.04,0.44,0.81,13.85,0.04,-0.14,4.31,166,0.0
Kit Com 10 Cuecas Slip Algodão Zorba,159.9,119.93,4.5,1000,0.47,0.45,0.03,1.0,0.39,0.0,12.84,0.34,0.24,12.61,0.05,-0.06,4.31,160,0.0
Kit 4 Cuecas Boxer Infantil Kids Menino Box Sem Costura Lupo,109.9,75.83,4.9,1000,-0.3,0.28,0.11,1.0,0.02,4.0,11.04,0.19,-0.6,10.32,0.02,-0.31,4.31,134,0.0
Kit 2 Cuecas Boxer Lupo Basic Microfibra Sem Costura Box,69.99,48.99,4.8,10000,-0.92,0.15,0.11,1.0,0.08,0.0,9.14,0.09,-1.11,8.46,0.16,0.86,5.0,101,0.01
Conjunto 2 Calça Masculina Jogger Swang Roupas Academia Slim,129.1,116.19,4.8,100,-0.01,0.34,0.0,2.0,0.0,0.0,11.78,0.33,0.17,12.44,0.0,-0.43,3.34,64,0.01
Kit 3 Cuecas Slip Tamanho Especial Plus Size Algodão Mash,74.9,59.92,4.8,1000,-0.85,0.16,0.03,0.0,0.39,0.0,9.41,0.13,-0.9,9.28,0.02,-0.25,4.31,120,0.0
Calça Jeans Preta Feminina Super Lycra  Skinny Cintura Alta,61.93,53.88,4.4,10000,-1.05,0.12,0.06,2.0,0.02,1.0,8.68,0.11,-1.01,8.84,0.17,0.96,5.0,35,0.0
Kit 6 Cuecas Algodão Mash - Promoção Box Masculina Adulto,129.99,116.99,4.6,1000,0.01,0.35,0.03,3.0,0.39,0.0,11.82,0.33,0.19,12.47,0.05,-0.06,4.31,147,0.0
Calça Masculina Esportiva Slim Jogger Zíper Na Barra,59.91,53.92,4.2,100,-1.08,0.11,0.01,2.0,0.19,0.0,8.56,0.11,-1.01,8.84,0.01,-0.39,3.34,47,0.0
Calça Montaria Gorgurao Legging Feminina Leg Canelada Bolso,47.02,44.2,4.5,10000,-1.28,0.07,0.0,0.0,0.19,1.0,7.7,0.08,-1.2,8.07,0.11,0.49,5.0,53,0.0
Kit 6 Cuecas Boxer Lupo Algodão Masculina Box Adulto Cotton,152.91,128.44,4.6,10000,0.36,0.42,0.11,3.0,0.01,0.0,12.61,0.37,0.41,12.98,0.18,1.09,5.0,150,0.0
Kit 3 Short Jeans Feminino Cintura Alta Barato Atacado,129.2,117.57,4.4,1000,-0.0,0.34,0.04,1.0,0.06,1.0,11.79,0.33,0.2,12.5,0.06,0.02,4.31,125,0.0
Kit 3 Calça Jeans Feminina Levanta Bumbum Cintura Alta,174.24,165.53,4.3,1000,0.69,0.49,0.06,2.0,0.39,1.0,13.28,0.5,1.11,14.46,0.03,-0.16,4.31,109,0.0
Kit 2 Calças Jeans Masculina Com Lycra.,134.3,127.58,4.6,10000,0.07,0.36,0.02,1.0,0.06,0.0,11.97,0.36,0.39,12.95,0.24,1.52,5.0,96,0.0
Kit 5 Cuecas Zorba Tradicional Slip Ligth Algodão Original,109.9,79.13,4.7,100,-0.3,0.28,0.03,1.0,0.39,0.0,11.04,0.2,-0.53,10.51,0.0,-0.42,3.34,143,0.0
10 Shorts Ginástica Moda Fitness Roupas Femininas Atacado,219.31,190.8,4.7,100,1.39,0.64,0.03,1.0,0.01,1.0,14.53,0.58,1.59,15.34,0.0,-0.43,3.34,0,0.0
Jaqueta Jeans Feminina Preta Com Lycra Roupas Atacado,64.49,58.04,4.3,1000,-1.01,0.13,0.06,2.0,0.39,1.0,8.83,0.12,-0.94,9.15,0.03,-0.22,4.31,76,0.0
Kit Com 10 Cuecas Boxer Algodão Cotton Masculina Adulto Mash,209.41,178.0,4.8,1000,1.24,0.61,0.03,3.0,0.39,0.0,14.27,0.54,1.35,14.91,0.04,-0.15,4.31,157,0.0
Conjunto Blusa Térmico Roupa De Frio Masculino Segunda Pele,109.4,103.93,4.5,100,-0.31,0.28,0.0,2.0,0.19,0.0,11.02,0.28,-0.06,11.85,0.0,-0.41,3.34,66,0.0
Kit 5 Camisetas Masculinas Slim Fit  Básicas Algodão Premium,239.11,117.16,4.5,50000,1.7,0.71,0.0,0.0,0.39,0.0,15.03,0.33,0.19,12.48,1.0,7.86,5.37,140,0.01
Kit Pintores Macacão De Proteção Luva Óculos Respirador Epi,73.8,68.63,4.0,100,-0.86,0.16,0.0,0.0,0.19,0.0,9.35,0.16,-0.73,9.87,0.0,-0.4,3.34,164,0.0
Kit 3 Cuecas Boxer Lupo Tamanho Plus Size Masculina Original,99.99,70.99,4.4,1000,-0.46,0.25,0.11,2.0,0.39,0.0,10.62,0.17,-0.69,10.02,0.01,-0.33,4.31,116,0.0
Macacão Segurança Proteção Química Laboratório Pintura Longo,25.63,23.07,4.2,1000,-1.61,0.0,0.0,0.0,0.0,2.0,5.83,0.0,-1.6,5.89,0.0,-0.42,4.31,168,0.0
Calça Feminina Pantalona Cintura Alta Cós Largo Duna Moda,72.36,59.34,4.4,100,-0.89,0.16,0.03,2.0,0.0,1.0,9.27,0.13,-0.91,9.24,0.0,-0.43,3.34,23,0.0
Kit 15 Cueca Boxer Tamanho Especial Plus Size Microfibra,149.43,103.11,3.8,100,0.31,0.41,0.0,0.0,0.08,0.0,12.49,0.28,-0.08,11.81,0.0,-0.42,3.34,90,0.0
Kit 2 Calça Jeans Masculina Jogger Camuflada Sarja Elástico,134.32,120.89,4.3,1000,0.08,0.36,0.01,2.0,0.02,0.0,11.97,0.34,0.26,12.65,0.02,-0.25,4.31,93,0.0
Kit 4 Cuecas Boxer Lupo Em Algodão Masculina Cotton Original,89.9,70.12,4.6,10000,-0.61,0.21,0.11,1.0,0.39,0.0,10.16,0.17,-0.71,9.96,0.26,1.74,5.0,135,0.0
10 Shorts Ginástica Moda Fitness Roupas Femininas Atacado,219.31,190.8,4.7,100,1.39,0.64,0.03,1.0,0.01,1.0,14.53,0.58,1.59,15.34,0.0,-0.43,3.34,0,0.0
Calça Leg Lisa Cós Alto Suplex,30.4,28.88,4.6,1000,-1.54,0.02,0.0,0.0,0.01,1.0,6.32,0.02,-1.49,6.58,0.03,-0.21,4.31,39,0.0
Kit 4 Cuecas Boxer Puma Masculina Box Sem Costura Original,160.89,130.32,4.8,1000,0.49,0.45,0.0,2.0,0.02,0.0,12.87,0.37,0.44,13.06,0.03,-0.17,4.31,137,0.0
Kit 10 Calcinhas Conforto Tanga Promoção Moda Íntima.,44.9,35.92,4.1,100,-1.31,0.06,0.01,0.0,0.08,1.0,7.54,0.05,-1.36,7.31,0.0,-0.41,3.34,81,0.0
Calça Legging Feminina Preta Grossa Dia A Dia Valor De Ataca,35.83,33.68,4.4,50000,-1.45,0.03,0.0,0.0,0.01,1.0,6.81,0.04,-1.4,7.09,0.26,1.72,5.37,41,0.0
Kit 2 Calça Legging Flanelada Forrada Peluciada Inverno,46.29,41.66,4.0,1000,-1.29,0.07,0.01,0.0,0.19,1.0,7.64,0.07,-1.25,7.84,0.03,-0.21,4.31,94,0.0
Kit 4 Cuecas Boxer Lupo Em Algodão Masculina Cotton Original,89.9,70.12,4.6,10000,-0.61,0.21,0.11,1.0,0.39,0.0,10.16,0.17,-0.71,9.96,0.26,1.74,5.0,135,0.0
Calça Masculina Térmica Roupa De Frio Segunda Pele Legging.,56.09,39.82,4.5,1000,-1.14,0.1,0.0,2.0,0.19,0.0,8.31,0.06,-1.28,7.68,0.02,-0.26,4.31,48,0.0
Short Jeans Feminino Cintura Alta Com Lycra Barra Desfiada,44.29,41.63,4.4,1000,-1.32,0.06,0.06,1.0,0.39,1.0,7.49,0.07,-1.25,7.84,0.03,-0.23,4.31,187,0.0
Kit 3 Cuecas Lupo Slip Masculina Algodão Promoção Original,78.89,59.96,4.6,1000,-0.78,0.18,0.11,2.0,0.39,0.0,9.62,0.13,-0.9,9.28,0.03,-0.21,4.31,118,0.01
Shorts Masculino Design 4 Move adidas,199.99,139.99,4.7,100,1.09,0.58,0.04,1.0,0.19,0.0,14.02,0.41,0.63,13.47,0.0,-0.43,3.34,206,0.0
Kit 2 Cuecas Boxer Lupo Microfibra Box Sem Costura Original,61.99,50.21,4.8,10000,-1.05,0.12,0.11,1.0,0.02,0.0,8.68,0.1,-1.08,8.56,0.08,0.23,5.0,102,0.0
Roupa Naruto Akatsuki Cosplay Itachi Postagem 24h Promoção,75.03,59.27,4.7,1000,-0.84,0.16,0.01,2.0,0.19,2.0,9.42,0.13,-0.91,9.23,0.01,-0.32,4.31,182,0.0
3 Conjuntos Fitness Feminino Top + Short Roupas Academia A11,129.21,104.66,4.4,1000,-0.0,0.34,0.02,1.0,0.19,1.0,11.79,0.29,-0.05,11.89,0.03,-0.18,4.31,3,0.0
Kit 9 Cuecas Lupo Slip Masculino Algodão Atacado Original,229.89,170.12,4.4,1000,1.56,0.68,0.11,2.0,0.39,0.0,14.8,0.51,1.2,14.62,0.02,-0.29,4.31,153,0.0
Short Jeans Feminino Com Cinto Fivela Country Cintura Alta,80.36,72.32,4.2,50,-0.76,0.18,0.0,1.0,0.03,1.0,9.69,0.17,-0.66,10.1,0.0,-0.44,2.97,190,0.0
Kit 3 Calça Jeans Feminina Levanta Bumbum Atacado,175.59,158.03,3.9,100,0.72,0.5,0.06,2.0,0.03,1.0,13.32,0.47,0.97,14.18,0.0,-0.41,3.34,108,0.0
Calça Masculina Esportiva Slim Jogger Zíper Na Barra,59.91,53.92,4.6,50,-1.08,0.11,0.01,2.0,0.19,0.0,8.56,0.11,-1.01,8.84,0.0,-0.44,2.97,47,0.0
Kit 5 Shorts Calção Futebol Academia Treino Crossfit Corrida,166.89,135.18,4.4,100,0.58,0.47,0.0,0.0,0.19,0.0,13.06,0.39,0.53,13.27,0.01,-0.39,3.34,145,0.0
Bermuda Esportiva Compressão Anti Assadura Térmica Lupo,99.9,74.93,4.9,1000,-0.46,0.25,0.11,1.0,0.08,0.0,10.61,0.18,-0.61,10.26,0.02,-0.28,4.31,8,0.0
Calça Plus Size Jeans Feminina Wide Leg Levanta Bumbum,68.76,64.63,4.7,100,-0.94,0.14,0.06,2.0,0.39,1.0,9.08,0.15,-0.81,9.6,0.0,-0.42,3.34,55,0.0
2 Shorts Iguais Casal Praia 5 Estampas Roupa Combinando,139.79,128.61,5.0,50,0.16,0.38,0.0,1.0,0.0,2.0,12.17,0.37,0.41,12.99,0.0,-0.44,2.97,2,0.0
Short Saia Rodado Fitness Feminino Roupas Para Academia,38.73,30.6,4.6,100,-1.41,0.04,0.03,1.0,0.19,1.0,7.06,0.03,-1.46,6.77,0.0,-0.43,3.34,204,0.0
4 Short Bermuda Masculina Esporte Dry Fit Academia Plus,149.91,134.92,5.0,5,0.32,0.41,0.02,1.0,0.19,0.0,12.51,0.39,0.53,13.26,0.0,-0.44,1.57,4,0.0
Short Saia Jeans Plus Size Feminino Cintura Alta Com Lycra,72.88,64.86,4.9,100,-0.88,0.16,0.06,1.0,0.39,1.0,9.3,0.15,-0.81,9.62,0.01,-0.38,3.34,203,0.0
Bermuda Slim Curves Leve Compressão Dilady 105203,68.71,42.6,4.9,100,-0.94,0.14,0.0,0.0,0.02,1.0,9.07,0.07,-1.23,7.93,0.0,-0.44,3.34,13,0.0
Kit 3 Bermuda Short Masculino Dry Fit Treino Plus Size,129.91,116.92,4.5,100,0.01,0.35,0.02,1.0,0.19,0.0,11.81,0.33,0.19,12.47,0.0,-0.42,3.34,106,0.0
Calça Branca Jeans Feminina Skinny Cintura Alta Com Lycra,64.54,56.15,4.6,1000,-1.01,0.13,0.06,2.0,0.39,1.0,8.83,0.12,-0.97,9.01,0.03,-0.16,4.31,18,0.0
Calça Branca Plus Size Enfermagem Com Lycra Feminina Sarja,78.64,68.42,4.1,100,-0.79,0.18,0.06,2.0,0.39,1.0,9.61,0.16,-0.74,9.85,0.0,-0.43,3.34,19,0.0
Kit 4 Bermuda Masculina Sport Dry Fit  Academia Plus,159.91,143.92,4.6,25,0.47,0.45,0.02,1.0,0.19,0.0,12.84,0.42,0.7,13.63,0.0,-0.44,2.58,129,0.0
"Kit Com 4 Short Para Usar Embaixo Da Roupa, Vestido, Saia",57.93,51.56,4.2,1000,-1.11,0.11,0.02,1.0,0.19,1.0,8.43,0.1,-1.06,8.66,0.01,-0.37,4.31,162,0.0
Macacão Roupa De Apicultor Completa Proteção Contra Abelhas,203.88,154.95,4.3,1000,1.15,0.59,0.05,0.0,0.03,2.0,14.13,0.46,0.91,14.06,0.02,-0.28,4.31,167,0.0
Kit Com 6 Conjuntos Roupas Juvenil Roupa Infantil Menina Top,197.21,165.66,4.4,100,1.05,0.57,0.0,1.0,0.39,5.0,13.94,0.5,1.11,14.46,0.0,-0.43,3.34,163,0.0
Calça Jeans Feminina Super Lipo Sawary Roupas Femininas,169.86,159.67,4.6,1000,0.63,0.48,0.03,2.0,0.06,1.0,13.15,0.48,1.0,14.24,0.02,-0.24,4.31,30,0.0
Kit 3 Conjunto Short + Top Nadador Roupas Femininas Academia,129.91,102.63,4.1,100,0.01,0.35,0.02,1.0,0.19,1.0,11.81,0.28,-0.09,11.79,0.0,-0.43,3.34,114,0.0
Kit 2 Conjuntos Calça Legging E Top Roupas Feminina Academia,99.92,73.94,4.3,1000,-0.46,0.25,0.01,0.0,0.01,1.0,10.61,0.18,-0.63,10.2,0.02,-0.25,4.31,98,0.0
Short Jeans Feminino Cintura Alta Levanta Bumbum Com Lycra,49.99,45.99,4.3,100,-1.23,0.08,0.06,1.0,0.39,2.0,7.91,0.08,-1.17,8.22,0.01,-0.38,3.34,189,0.0
Calça Feminina Lycra Cintura Alta Empina Bumbum,74.49,67.04,4.6,1000,-0.85,0.16,0.0,1.0,0.02,1.0,9.39,0.15,-0.76,9.76,0.01,-0.35,4.31,22,0.0
Kit 3 Bermuda Masculina Jeans Plus Size Lycra Elastano,283.73,198.61,4.9,100,2.39,0.86,0.01,1.0,0.39,0.0,16.05,0.61,1.74,15.6,0.0,-0.43,3.34,104,0.0
5 Shorts Canelado Feminino Shortinho Soltinho Verão Atacado,77.17,69.45,4.2,100,-0.81,0.17,0.0,1.0,0.0,1.0,9.53,0.16,-0.72,9.92,0.0,-0.42,3.34,6,0.0
Macacão Roupa De Apicultor Completa Proteção Contra Abelhas,203.88,154.95,4.3,1000,1.15,0.59,0.05,0.0,0.03,2.0,14.13,0.46,0.91,14.06,0.02,-0.28,4.31,167,0.0
Kit 10 Cuecas Boxer Mash Algodão Cotton Box Original Oferta,229.39,178.92,4.6,10000,1.55,0.68,0.03,1.0,0.39,0.0,14.79,0.54,1.37,14.94,0.19,1.11,5.0,87,0.0
"Bermuda Térmica Masculina Esportiva Corrida, Academia Treino",49.89,36.92,4.8,10000,-1.23,0.08,0.03,1.0,0.08,0.0,7.9,0.05,-1.34,7.41,0.11,0.47,5.0,15,0.0
Calça Levi's 501 Original Masculina 100% Algodão Importada,315.1,299.35,4.4,100,2.88,0.96,0.01,1.0,0.39,0.0,16.71,0.96,3.66,18.47,0.0,-0.42,3.34,43,0.0
Kit 4 Bermuda Dry Fit Masculina Poliéster Plus Size,159.91,143.92,4.8,100,0.47,0.45,0.02,1.0,0.19,0.0,12.84,0.42,0.7,13.63,0.0,-0.43,3.34,128,0.0
Conjunto Térmico Infantil Criança Forro Fleece Segunda Pele,78.03,74.13,4.9,100,-0.8,0.17,0.01,2.0,0.19,3.0,9.58,0.18,-0.63,10.21,0.0,-0.42,3.34,71,0.0
Short Essential 9 Masculino Olympikus Novo,119.47,93.19,4.3,50,-0.16,0.31,0.0,1.0,0.19,0.0,11.42,0.25,-0.27,11.3,0.0,-0.43,2.97,186,0.0
Bermuda Jeans Stretch Lycra Masculina Plus Size 58 Ao 62,78.46,72.97,4.5,100,-0.79,0.18,0.0,1.0,0.39,0.0,9.6,0.18,-0.65,10.14,0.0,-0.44,3.34,10,0.02
Faixa Peitoral Ginecomastia Pós Cirurgico Masculino Conforto,119.31,97.83,4.3,50,-0.16,0.31,0.01,0.0,0.01,0.0,11.41,0.26,-0.18,11.54,0.0,-0.44,2.97,74,0.0
Macacão Apicultor Roupa Proteção Abelha Com Máscara + Brinde,166.21,149.59,4.1,1000,0.57,0.47,0.05,0.0,0.39,2.0,13.04,0.44,0.81,13.85,0.04,-0.14,4.31,166,0.02
Kit 10 Cuecas Boxer Lupo Cueca Box Algodão Masculina Atacado,232.89,190.97,4.5,10000,1.6,0.69,0.11,2.0,0.39,0.0,14.88,0.59,1.6,15.35,0.33,2.33,5.0,85,0.0
Kit Com 10 Cuecas Boxer Algodão Sem Costura Zorba 781,199.9,159.92,4.7,50000,1.09,0.58,0.03,0.0,0.39,0.0,14.02,0.48,1.01,14.25,0.63,4.76,5.37,158,0.0
Kit 2 Calça Jeans Lycra Masculina Tamanho Especial Plus Size,259.52,197.24,4.1,50,2.02,0.78,0.01,1.0,0.39,0.0,15.51,0.61,1.72,15.56,0.0,-0.44,2.97,92,0.0
Roupa Térmica Frio Forro Peluciado Blusa+calça+luva+meia,149.91,125.92,4.1,100,0.32,0.41,0.01,2.0,0.0,1.0,12.51,0.36,0.36,12.87,0.0,-0.42,3.34,184,0.0
Macacão Apicultor Roupa Proteção Abelha Com Máscara + Brinde,166.21,149.59,4.1,1000,0.57,0.47,0.05,0.0,0.39,2.0,13.04,0.44,0.81,13.85,0.04,-0.14,4.31,166,0.0
Kit 2 Cuecas Boxer Lupo Basic Microfibra Sem Costura Box,69.99,48.99,4.8,10000,-0.92,0.15,0.11,1.0,0.08,0.0,9.14,0.09,-1.11,8.46,0.16,0.86,5.0,101,0.0
Kit 3 Calça Jeans Feminina Levanta Bumbum Cintura Alta,174.24,165.53,4.3,1000,0.69,0.49,0.06,2.0,0.39,1.0,13.28,0.5,1.11,14.46,0.03,-0.16,4.31,109,0.0
Short Jeans Feminino Com Elastano Barra Dobrada Cintura Alta,49.49,44.05,4.7,100,-1.24,0.08,0.04,1.0,0.06,1.0,7.87,0.07,-1.2,8.05,0.0,-0.42,3.34,191,0.0
Kit 4 Conjuntos Fitness Top E Short Roupas Feminina Academia,176.36,126.98,4.3,100,0.73,0.5,0.01,0.0,0.19,1.0,13.34,0.36,0.38,12.92,0.0,-0.43,3.34,133,0.02
Kit Atacado 3 Calça Jeans Masculina Tradicional  (sortidas),189.88,174.69,4.6,10000,0.94,0.55,0.0,1.0,0.06,0.0,13.74,0.53,1.29,14.79,0.21,1.27,5.0,154,0.0
Calça Menino Menina Infantil Moletom Flanelado 1 Ao 8,37.66,22.6,3.8,100,-1.42,0.04,0.02,2.0,0.01,4.0,6.97,0.0,-1.61,5.83,0.0,-0.43,3.34,49,0.0
Kit 3 Short Jeans Feminino Cintura Alta Barato Atacado,129.2,117.57,4.4,1000,-0.0,0.34,0.04,1.0,0.06,1.0,11.79,0.33,0.2,12.5,0.06,0.02,4.31,125,0.0
Kit 02 Calças Jeans Feminina Skinny Cintura Alta Modeladora,139.61,128.44,4.4,100,0.16,0.38,0.06,2.0,0.39,1.0,12.16,0.37,0.41,12.98,0.0,-0.42,3.34,77,0.0
Kit 3 Calça Jeans Feminina Levanta Bumbum Cintura Alta,174.24,165.53,4.3,1000,0.69,0.49,0.06,2.0,0.39,1.0,13.28,0.5,1.11,14.46,0.03,-0.16,4.31,109,0.02
Kit 4 Camisa Plus Size Blusa Academia Ginástica Dryfit,145.41,111.97,4.6,100,0.25,0.4,0.0,0.0,0.0,0.0,12.36,0.31,0.09,12.24,0.01,-0.39,3.34,131,0.0
Bermuda Juvenil Jeans Masculino Roupa Short Menino,52.16,46.42,4.9,100,-1.2,0.09,0.01,1.0,0.03,4.0,8.06,0.08,-1.16,8.25,0.0,-0.43,3.34,11,0.0
Kit 3 Short Jeans Feminino Cintura Alta Barato Atacado,129.2,117.57,4.4,1000,-0.0,0.34,0.04,1.0,0.06,1.0,11.79,0.33,0.2,12.5,0.06,0.02,4.31,125,0.0
Kit 2 Calças Jeans Masculina Com Lycra.,134.3,127.58,4.6,10000,0.07,0.36,0.02,1.0,0.06,0.0,11.97,0.36,0.39,12.95,0.24,1.52,5.0,96,0.0
2 Conjuntos Ciclista Liso + Top Roupas Femininas Academia,78.72,68.49,4.7,100,-0.79,0.18,0.02,1.0,0.19,1.0,9.61,0.16,-0.74,9.86,0.0,-0.43,3.34,1,0.0
5 Shorts De Dormir Algodão Masculino Com Estampas Discreta,129.4,122.93,4.0,25,-0.0,0.34,0.0,0.0,0.39,0.0,11.79,0.35,0.3,12.74,0.0,-0.44,2.58,7,0.0
Kit 3 Calças Jogger Moda Juvenil Oferta Roupa Mocinhas Luxo,164.65,156.42,4.4,100,0.55,0.46,0.0,1.0,0.0,5.0,12.99,0.47,0.94,14.12,0.01,-0.39,3.34,112,0.01
Bermuda Térmica Anti Assadura Feminina Shorts Esporte Novo,42.9,33.89,4.9,100,-1.34,0.06,0.03,1.0,0.08,1.0,7.39,0.04,-1.4,7.11,0.0,-0.43,3.34,14,0.02
Shorts Masculino Essentials Logo adidas,199.99,139.99,4.8,100,1.09,0.58,0.04,0.0,0.19,0.0,14.02,0.41,0.63,13.47,0.0,-0.42,3.34,207,0.0
Kit 4 Cuecas Boxer Lupo Em Algodão Masculina Cotton Original,89.9,70.12,4.6,10000,-0.61,0.21,0.11,1.0,0.39,0.0,10.16,0.17,-0.71,9.96,0.26,1.74,5.0,135,0.01
Short Jeans Feminino Cintura Alta Com Lycra Barra Desfiada,44.29,41.63,4.4,1000,-1.32,0.06,0.06,1.0,0.39,1.0,7.49,0.07,-1.25,7.84,0.03,-0.23,4.31,187,0.0
Calça Jeans Feminina Flare Cós Alto Levanta Bumbum Hot Pants,74.17,65.27,4.4,10000,-0.86,0.16,0.0,2.0,0.39,1.0,9.37,0.15,-0.8,9.65,0.11,0.5,5.0,28,0.01
Short Lipo Cinta Cintura Alta Power Barriga Modeladora Prada,49.41,43.97,4.5,100,-1.24,0.08,0.06,1.0,0.19,1.0,7.87,0.07,-1.2,8.05,0.0,-0.42,3.34,197,0.0
Roupa Térmica Flanelada Kit 2 Calças + 2 Blusas Segunda Pele,189.73,170.76,4.4,1000,0.93,0.55,0.01,2.0,0.19,0.0,13.73,0.52,1.21,14.65,0.01,-0.33,4.31,183,0.0
Calça Jeans Feminina Super Lipo Sawary Roupas Femininas,172.51,162.16,4.5,1000,0.67,0.49,0.03,2.0,0.03,1.0,13.23,0.49,1.05,14.33,0.02,-0.31,4.31,30,0.0
Kit 03 Bermudas Jeans Vira Lata Original,159.91,143.92,3.5,50,0.47,0.45,0.0,1.0,0.03,0.0,12.84,0.42,0.7,13.63,0.0,-0.44,2.97,78,0.0
Kit 2 Shorts Bermuda Anagua Segunda Pele P/ Usar C/ Roupas,50.26,42.72,3.8,100,-1.23,0.08,0.0,1.0,0.08,2.0,7.93,0.07,-1.23,7.94,0.0,-0.43,3.34,103,0.0
Short Jeans Plus Size Cintura Alta Barra Desfiada Com Lycra,64.76,60.23,4.4,100,-1.0,0.13,0.06,1.0,0.39,1.0,8.85,0.13,-0.89,9.3,0.0,-0.44,3.34,194,0.0
Short Saia Jeans Plus Size Feminino Cintura Alta Com Lycra,72.88,64.86,4.9,100,-0.88,0.16,0.06,1.0,0.39,1.0,9.3,0.15,-0.81,9.62,0.01,-0.38,3.34,203,0.0
Shorts Masculino Essentials Woven adidas,179.99,151.19,4.7,100,0.78,0.51,0.04,0.0,0.19,0.0,13.45,0.45,0.84,13.92,0.0,-0.42,3.34,208,0.0
Conjunto Térmico Inverno Forrado 2ªpele + Gorro +luva Touch,168.36,159.94,4.6,100,0.6,0.47,0.0,0.0,0.0,2.0,13.1,0.48,1.01,14.25,0.0,-0.41,3.34,72,0.0
Kit 3 Conjunto Menino Roupa Infantil Shorts Moletom Tactel,122.61,110.35,4.7,25,-0.11,0.32,0.01,1.0,0.39,4.0,11.54,0.31,0.06,12.16,0.0,-0.44,2.58,113,0.0
Kit 2 Calça Moletom Masculina Plus Size Extra G G1 G2 G3 G4,169.91,152.92,4.4,100,0.63,0.48,0.0,2.0,0.01,0.0,13.15,0.45,0.87,13.98,0.0,-0.41,3.34,95,0.0
Calça Wide Leg Plus Size Jeans Levanta Bumbum Cintura Alta,78.09,70.28,4.9,100,-0.8,0.17,0.06,2.0,0.39,1.0,9.58,0.17,-0.7,9.97,0.0,-0.43,3.34,59,0.02
Short Jeans Feminino Com Lycra Levanta Bumbum Destroyed,49.92,39.94,4.7,50,-1.23,0.08,0.06,1.0,0.39,1.0,7.9,0.06,-1.28,7.69,0.0,-0.44,2.97,192,0.0
Short Meia Coxa Claro Com Ilhós Roupa Feminina.,59.99,45.59,4.1,25,-1.08,0.11,0.0,0.0,0.39,1.0,8.56,0.08,-1.17,8.18,0.0,-0.44,2.58,201,0.0
Short Saia Jeans Plus Size Feminino Cintura Alta Com Lycra,72.88,64.86,4.9,100,-0.88,0.16,0.06,1.0,0.39,1.0,9.3,0.15,-0.81,9.62,0.01,-0.38,3.34,203,0.0
Short Jeans Plus Size Cintura Alta Barra Desfiada Com Lycra,64.76,60.23,4.4,100,-1.0,0.13,0.06,1.0,0.39,1.0,8.85,0.13,-0.89,9.3,0.0,-0.44,3.34,194,0.0
Shorts Masculino Essentials Woven adidas,179.99,151.19,4.7,100,0.78,0.51,0.04,0.0,0.19,0.0,13.45,0.45,0.84,13.92,0.0,-0.42,3.34,208,0.0
Kit 4 Conjunto Moletom Menino Infantil Gola Careca Masculino,134.61,126.53,4.0,100,0.08,0.36,0.02,0.0,0.39,6.0,11.98,0.36,0.37,12.9,0.0,-0.41,3.34,132,0.0
Kit 3 Conjunto Menino Roupa Infantil Shorts Moletom Tactel,122.61,110.35,4.7,25,-0.11,0.32,0.01,1.0,0.39,4.0,11.54,0.31,0.06,12.16,0.0,-0.44,2.58,113,0.0
"Kit Com 4 Short Para Usar Embaixo Da Roupa, Vestido, Saia",57.93,51.56,4.2,1000,-1.11,0.11,0.02,1.0,0.19,1.0,8.43,0.1,-1.06,8.66,0.01,-0.37,4.31,162,0.0
Macacão Roupa De Apicultor Completa Proteção Contra Abelhas,203.88,154.95,4.3,1000,1.15,0.59,0.05,0.0,0.03,2.0,14.13,0.46,0.91,14.06,0.02,-0.28,4.31,167,0.0
Roupa Térmica Peluciado Blusa Calça Touca Cachecol Meia Luva,199.1,179.19,4.8,25,1.08,0.58,0.01,2.0,0.01,1.0,14.0,0.54,1.37,14.95,0.0,-0.44,2.58,185,0.02
Calça Para Trabalho Pesado Uniforme Pedreiro Mecânico Obra,53.05,47.21,4.1,10000,-1.19,0.09,0.0,1.0,0.0,0.0,8.12,0.09,-1.14,8.32,0.03,-0.17,5.0,54,0.0
Macacão Roupa De Apicultor Completa Proteção Contra Abelhas,203.88,154.95,4.3,1000,1.15,0.59,0.05,0.0,0.03,2.0,14.13,0.46,0.91,14.06,0.02,-0.28,4.31,167,0.0
Calça Jeans Feminina Plus Size Flare Com Lycra Cintura Alta,78.59,71.52,4.5,100,-0.79,0.18,0.06,2.0,0.39,1.0,9.6,0.17,-0.68,10.05,0.0,-0.42,3.34,29,0.0
Kit 3 Conjuntos Short + Top Nadador Fitness Roupas Femininas,129.21,104.66,4.6,100,-0.0,0.34,0.0,1.0,0.19,1.0,11.79,0.29,-0.05,11.89,0.0,-0.43,3.34,115,0.0
Kit 10 Cuecas Boxer Mash Algodão Cotton Box Original Oferta,229.39,178.92,4.6,10000,1.55,0.68,0.03,1.0,0.39,0.0,14.79,0.54,1.37,14.94,0.19,1.11,5.0,87,0.0
"Bermuda Térmica Masculina Esportiva Corrida, Academia Treino",48.52,36.88,4.8,10000,-1.26,0.08,0.03,1.0,0.08,0.0,7.8,0.05,-1.34,7.41,0.11,0.47,5.0,15,0.0
Shorts Feminino Size Paete Cintura Alta Curto P Ao 52,78.16,73.47,4.3,50,-0.8,0.17,0.0,1.0,0.0,1.0,9.58,0.18,-0.64,10.17,0.0,-0.44,2.97,205,0.0
Roupa Feminina Short Jeans Cintura Alta Hot Pant Com Lycra,79.19,70.48,4.4,100,-0.78,0.18,0.0,1.0,0.03,1.0,9.63,0.17,-0.7,9.98,0.0,-0.42,3.34,178,0.0
Kit 10 Cuecas Boxer Lupo Cueca Box Algodão Masculina Atacado,232.89,190.97,4.5,10000,1.6,0.69,0.11,2.0,0.39,0.0,14.88,0.59,1.6,15.35,0.33,2.33,5.0,85,0.0
Kit Com 10 Cuecas Boxer Algodão Sem Costura Zorba 781,199.9,159.92,4.7,50000,1.09,0.58,0.03,0.0,0.39,0.0,14.02,0.48,1.01,14.25,0.63,4.76,5.37,158,0.0
Macacão Apicultor Roupa Proteção Abelha Com Máscara + Brinde,166.21,149.59,4.1,1000,0.57,0.47,0.05,0.0,0.39,2.0,13.04,0.44,0.81,13.85,0.04,-0.14,4.31,166,0.0
Calça Legging Fake Jeans Roupa Fitness Academia Kit 02 Peças,99.1,89.19,4.4,50,-0.47,0.24,0.0,0.0,0.0,1.0,10.58,0.23,-0.34,11.08,0.0,-0.43,2.97,40,0.0
Kit 15 Cuecas Box Boxer Infantil Mallbeck De Microfibra.,58.45,54.94,4.1,100,-1.1,0.11,0.0,0.0,0.08,4.0,8.46,0.11,-0.99,8.92,0.0,-0.4,3.34,91,0.0
Conjunto Fitness Feminino Top Short Roupas P/ Academia A19,46.7,34.56,4.4,100,-1.28,0.07,0.02,1.0,0.19,1.0,7.67,0.04,-1.38,7.18,0.0,-0.44,3.34,69,0.0
Short Saia Jeans Plus Size Com Lycra Cós Alto Levanta Bumbum,67.98,63.9,4.5,100,-0.95,0.14,0.0,1.0,0.39,1.0,9.03,0.14,-0.82,9.55,0.0,-0.41,3.34,202,0.0
Kit 2 Cuecas Boxer Lupo Basic Microfibra Sem Costura Box,69.99,48.99,4.8,10000,-0.92,0.15,0.11,1.0,0.08,0.0,9.14,0.09,-1.11,8.46,0.16,0.86,5.0,101,0.0
Kit 7 Calcinha Cós Elegante Cos Alto Conforto Microfibra,49.12,46.66,3.8,100,-1.25,0.08,0.01,0.0,0.08,1.0,7.85,0.08,-1.15,8.27,0.0,-0.43,3.34,151,0.0
Kit 5 Bermuda Masculinha Moletinho Academia Verão Praia,156.14,148.33,4.3,50,0.41,0.43,0.01,1.0,0.0,0.0,12.72,0.44,0.78,13.8,0.0,-0.44,2.97,139,0.0
Kit 2 Conjuntos Segunda Pele Forrada Frio Intenso,219.1,197.19,4.5,100,1.39,0.64,0.0,2.0,0.19,2.0,14.53,0.61,1.72,15.56,0.01,-0.35,3.34,99,0.0
Kit 3 Pijama Feminino Longo Suede Inverno Frio Tecido Macio,145.31,130.78,4.7,25,0.25,0.4,0.0,2.0,0.0,1.0,12.36,0.38,0.45,13.08,0.0,-0.43,2.58,121,0.0
Kit 10 Peças Roupa Infantil Menino 5 Shorts + 5 Camisetas,155.31,139.78,3.2,25,0.4,0.43,0.0,1.0,0.39,4.0,12.69,0.41,0.62,13.46,0.0,-0.44,2.58,89,0.0
Kit 3 Short Jeans Feminino Cintura Alta Barato Atacado,129.2,117.57,4.4,1000,-0.0,0.34,0.04,1.0,0.06,1.0,11.79,0.33,0.2,12.5,0.06,0.02,4.31,125,0.0
Kit Com 10 Cuecas Boxer Masculina Polo London Club - Oferta,179.9,111.54,4.1,100,0.78,0.51,0.0,1.0,0.39,0.0,13.45,0.31,0.08,12.22,0.0,-0.41,3.34,159,0.02
Kit 2 Calças Jeans Masculina Com Lycra.,134.3,127.58,4.6,10000,0.07,0.36,0.02,1.0,0.06,0.0,11.97,0.36,0.39,12.95,0.24,1.52,5.0,96,0.0
Kit 3 Calças Jogger Masculina Jeans Com Punho Elastico,182.34,165.93,4.3,1000,0.82,0.52,0.01,2.0,0.02,0.0,13.52,0.5,1.12,14.47,0.09,0.27,4.31,111,0.0
5 Bermudas Fitness Feminina Tapa Bumbum Roupas Academia B05,149.41,132.97,4.5,25,0.31,0.41,0.03,1.0,0.19,1.0,12.49,0.38,0.49,13.18,0.0,-0.44,2.58,5,0.0
Kit 3 Calça Jogger Ribana Feminina Para Academia Moda Fit,133.62,126.94,3.8,1000,0.06,0.36,0.0,2.0,0.0,1.0,11.95,0.36,0.38,12.92,0.02,-0.29,4.31,110,0.02
Shorts Saia Jeans Plus Size Com Detalhes E Lycra,66.63,61.3,4.6,1000,-0.97,0.14,0.04,1.0,0.39,1.0,8.96,0.13,-0.87,9.38,0.02,-0.32,4.31,211,0.0
Calça Moletom Masculina Flanelada Sem Punho Malwee,139.79,121.62,5.0,25,0.16,0.38,0.01,2.0,0.39,0.0,12.17,0.34,0.28,12.68,0.0,-0.44,2.58,51,0.0
Kit 10 Cuecas Box Lupo Algodão Boxer Masculina Cotton Com Nf,317.9,178.02,4.5,10000,2.92,0.97,0.11,3.0,0.01,0.0,16.76,0.54,1.35,14.91,0.09,0.28,5.0,83,0.0
Kit 3 Short Jeans Cintura Alta Levanta Bumbum Destroyed,129.91,116.92,4.6,100,0.01,0.35,0.04,1.0,0.39,1.0,11.81,0.33,0.19,12.47,0.01,-0.38,3.34,124,0.02
Calça Social Plus Size Feminina Roupa 50 Ao 54,69.54,58.41,4.5,1000,-0.93,0.15,0.0,2.0,0.0,1.0,9.12,0.12,-0.93,9.17,0.01,-0.36,4.31,56,0.03
Kit Com 4 Cueca Box Zorba Algodão - Boxer Sem Costura 781,105.99,79.49,4.7,1000,-0.36,0.27,0.03,3.0,0.39,0.0,10.87,0.2,-0.53,10.53,0.02,-0.25,4.31,161,0.0
Kit 4 Cuecas Boxer Lupo Em Algodão Masculina Cotton Original,89.9,70.12,4.6,10000,-0.61,0.21,0.11,1.0,0.39,0.0,10.16,0.17,-0.71,9.96,0.26,1.74,5.0,135,0.0
Calça Térmica Masculina Roupa De Frio Forrada Legging,78.28,50.88,4.6,50,-0.79,0.17,0.0,1.0,0.0,0.0,9.59,0.1,-1.07,8.61,0.0,-0.44,2.97,58,0.0
Short Jeans Feminino Cintura Alta Com Lycra Barra Desfiada,44.29,41.63,4.4,1000,-1.32,0.06,0.06,1.0,0.39,1.0,7.49,0.07,-1.25,7.84,0.03,-0.23,4.31,187,0.0
Roupa Conjunto Térmica Grossa Frio Extremo Forrada + Brinde,139.71,124.34,4.7,1000,0.16,0.38,0.0,2.0,0.01,1.0,12.16,0.35,0.33,12.8,0.02,-0.25,4.31,175,0.0
Kit 3 Short Curto Soltinho Malha De Moletom C/bolso G1 Ao G6,113.6,104.51,4.0,25,-0.25,0.29,0.02,1.0,0.39,1.0,11.19,0.28,-0.05,11.88,0.0,-0.44,2.58,123,0.0
Shorts adidas 3 Stripes - Original,199.99,177.99,4.3,100,1.09,0.58,0.04,1.0,0.0,0.0,14.02,0.54,1.35,14.9,0.0,-0.42,3.34,212,0.0
Minhocão Calça Ceroula Masculina Long Leg Mijão Promoção,78.49,39.24,4.7,1000,-0.79,0.18,0.0,3.0,0.39,0.0,9.6,0.06,-1.29,7.63,0.02,-0.26,4.31,169,0.0
Shorts Moletom Masculino Infantil Kit 7 Peças Promoção Cores,139.37,126.83,4.5,100,0.15,0.38,0.01,1.0,0.0,4.0,12.15,0.36,0.37,12.91,0.0,-0.42,3.34,210,0.0
Bermuda Short Jeans Masculino Plus Size 36 Ao 56 Elastano,78.63,74.7,4.8,50,-0.79,0.18,0.01,1.0,0.39,0.0,9.61,0.18,-0.62,10.25,0.0,-0.44,2.97,12,0.0
Calça Treino Essentials 3 Listras Masculina adidas Novo,299.68,191.8,4.8,50,2.64,0.91,0.04,2.0,0.19,0.0,16.39,0.59,1.61,15.38,0.0,-0.43,2.97,57,0.0
Short Saia Jeans Plus Size Feminino Cintura Alta Com Lycra,72.88,64.86,4.9,100,-0.88,0.16,0.06,1.0,0.39,1.0,9.3,0.15,-0.81,9.62,0.01,-0.38,3.34,203,0.0
Camiseta Masculina Básica Atacado Algodão Penteado 5 Peças,129.12,104.59,4.8,50,-0.01,0.34,0.01,0.0,0.0,0.0,11.78,0.29,-0.05,11.88,0.0,-0.43,2.97,61,0.0
Kit 3 Short Jeans Feminino Cintura Alta Com Lycra Modelador,149.17,122.32,4.4,5,0.31,0.41,0.04,1.0,0.39,1.0,12.49,0.35,0.29,12.71,0.0,-0.44,1.57,126,0.0
Calça Jeans Super Lipo Feminina Azul Sawary,183.99,114.07,4.6,100,0.85,0.53,0.03,2.0,0.39,1.0,13.57,0.32,0.13,12.34,0.0,-0.43,3.34,36,0.0
Short Masculino Malha Plana Aeroready adidas,129.99,123.49,4.8,100,0.01,0.35,0.04,0.0,0.19,0.0,11.82,0.35,0.31,12.77,0.0,-0.43,3.34,200,0.01
Kit 9 Cuecas Lupo Slip Masculino Algodão Adulto Original,229.64,174.53,4.5,50,1.55,0.68,0.11,2.0,0.39,0.0,14.8,0.53,1.28,14.78,0.0,-0.44,2.97,152,0.0
"Kit Com 4 Short Para Usar Embaixo Da Roupa, Vestido, Saia",57.93,51.56,4.2,1000,-1.11,0.11,0.02,1.0,0.19,1.0,8.43,0.1,-1.06,8.66,0.01,-0.37,4.31,162,0.0
Macacão Roupa De Apicultor Completa Proteção Contra Abelhas,203.88,154.95,4.3,1000,1.15,0.59,0.05,0.0,0.03,2.0,14.13,0.46,0.91,14.06,0.02,-0.28,4.31,167,0.0
Calça Jeans Cigarrete Feminina Índigo Índigo Sawary Oferta,138.2,73.25,4.5,100,0.14,0.37,0.03,1.0,0.39,1.0,12.11,0.18,-0.65,10.16,0.0,-0.41,3.34,25,0.01
Kit 5 Cuecas Anti Assadura Sem Atrito Academia E Corrida,149.97,125.97,5.0,50,0.32,0.41,0.03,1.0,0.08,0.0,12.51,0.36,0.36,12.87,0.0,-0.44,2.97,142,0.0
Calça Jeans Infantil Masculina Roupa Brim Meninos,46.82,41.67,4.8,1000,-1.28,0.07,0.0,0.0,0.0,4.0,7.68,0.07,-1.25,7.85,0.01,-0.32,4.31,32,0.01
Kit Com 05 Shorts Estampado Feminino Adulto Extra Plus-size,78.1,74.19,4.1,100,-0.8,0.17,0.0,1.0,0.19,1.0,9.58,0.18,-0.63,10.22,0.0,-0.43,3.34,156,0.0
Macacão Roupa De Apicultor Completa Proteção Contra Abelhas,203.88,154.95,4.3,1000,1.15,0.59,0.05,0.0,0.03,2.0,14.13,0.46,0.91,14.06,0.02,-0.28,4.31,167,0.0
Camiseta Branca Unissex 100% Algodão Premium Camisa Básica,38.38,34.16,4.7,1000,-1.41,0.04,0.0,0.0,0.39,2.0,7.03,0.04,-1.39,7.14,0.02,-0.29,4.31,60,0.0
"Bermuda Térmica Masculina Esportiva Corrida, Academia Treino",48.52,36.88,4.8,10000,-1.26,0.08,0.03,1.0,0.08,0.0,7.8,0.05,-1.34,7.41,0.11,0.47,5.0,15,0.0
Kit 10 Cuecas Boxer Mash Algodão Cotton Box Original Oferta,229.39,178.92,4.6,10000,1.55,0.68,0.03,1.0,0.39,0.0,14.79,0.54,1.37,14.94,0.19,1.11,5.0,87,0.01
Short Jeans Feminino Cintura Alta Levanta Bumbum Com Lycra,45.22,41.6,4.8,100,-1.31,0.07,0.06,1.0,0.39,1.0,7.56,0.07,-1.25,7.84,0.0,-0.41,3.34,189,0.0
Short Jeans Feminino Cintura Alta Destroyed Hot Pants Curto,49.41,43.97,4.5,100,-1.24,0.08,0.06,1.0,0.39,1.0,7.87,0.07,-1.2,8.05,0.0,-0.42,3.34,188,0.0
Calça Jeans Wide Leg Feminina Sawary,188.99,120.95,4.8,100,0.92,0.54,0.03,2.0,0.39,1.0,13.71,0.34,0.26,12.65,0.01,-0.4,3.34,37,0.0
Kit 10 Cuecas Boxer Lupo Cueca Box Algodão Masculina Atacado,232.89,190.97,4.5,10000,1.6,0.69,0.11,2.0,0.39,0.0,14.88,0.59,1.6,15.35,0.33,2.33,5.0,85,0.0
Kit Com 10 Cuecas Boxer Algodão Sem Costura Zorba 781,199.9,159.92,4.7,50000,1.09,0.58,0.03,0.0,0.39,0.0,14.02,0.48,1.01,14.25,0.63,4.76,5.37,158,0.0
Macacão Apicultor Roupa Proteção Abelha Com Máscara + Brinde,166.21,149.59,4.1,1000,0.57,0.47,0.05,0.0,0.39,2.0,13.04,0.44,0.81,13.85,0.04,-0.14,4.31,166,0.0
Bermuda Térmica Anti Assadura Feminina Shorts Esporte Novo,48.11,41.37,4.7,100,-1.26,0.07,0.03,1.0,0.08,1.0,7.77,0.07,-1.25,7.82,0.0,-0.41,3.34,14,0.0
Kit 6 Cuecas Box Boxer Lupo Sem Costura Masculina Microfibra,183.88,147.1,4.8,1000,0.84,0.53,0.11,1.0,0.08,0.0,13.57,0.43,0.76,13.75,0.04,-0.15,4.31,148,0.0
Short Jeans Plus Size Feminino Cintura Alta Com Lycra Curto,59.1,54.37,4.2,25,-1.09,0.11,0.04,1.0,0.39,1.0,8.51,0.11,-1.01,8.88,0.0,-0.44,2.58,196,0.02
Kit 3 Bermudas Fitness Roupas Femininas Com Tapa Bumbum B05,116.81,74.76,5.0,25,-0.2,0.3,0.03,1.0,0.01,1.0,11.31,0.18,-0.62,10.25,0.0,-0.44,2.58,107,0.01
Calça Jeans Feminina Boot Cut Índigo Sawary,144.99,120.34,4.5,1000,0.24,0.4,0.03,1.0,0.39,1.0,12.35,0.34,0.25,12.62,0.03,-0.15,4.31,26,0.0
Kit 2 Cuecas Boxer Lupo Basic Microfibra Sem Costura Box,69.99,48.99,4.8,10000,-0.92,0.15,0.11,1.0,0.08,0.0,9.14,0.09,-1.11,8.46,0.16,0.86,5.0,101,0.0
Kit 5 Short Saia Rodado Fitness Feminino Roupas De Academia,159.32,125.86,5.0,50,0.46,0.44,0.03,1.0,0.19,1.0,12.82,0.36,0.36,12.87,0.0,-0.44,2.97,144,0.0
Calça Feminina Jeans Boot Índigo Sawary,158.99,111.29,4.7,100,0.46,0.44,0.03,2.0,0.39,1.0,12.81,0.31,0.08,12.21,0.01,-0.38,3.34,20,0.01
Bolero De Plush Com Tiara Bebe Menina Infantil Várias Cores,44.23,39.81,4.8,1000,-1.32,0.06,0.0,2.0,0.0,6.0,7.49,0.06,-1.28,7.68,0.02,-0.3,4.31,17,0.0
Conjunto Térmico Inverno Frio Extremo Forro Fleece Roupa Nev,119.54,78.9,4.1,100,-0.15,0.31,0.01,2.0,0.0,1.0,11.42,0.2,-0.54,10.5,0.0,-0.42,3.34,73,0.0
Short Jeans Feminino Destroyed Cós Alto Com Lycra Desfiado,44.49,40.04,4.2,100,-1.32,0.06,0.04,1.0,0.06,1.0,7.51,0.06,-1.28,7.7,0.01,-0.4,3.34,193,0.0
Calça Jeans Feminina Cintura Alta Com Lycra Levanta Bumbum,149.99,140.99,4.5,1000,0.32,0.41,0.0,2.0,0.03,1.0,12.51,0.41,0.64,13.51,0.04,-0.14,4.31,27,0.0
Kit 3 Calça Jeans Feminina Levanta Bumbum Cintura Alta,174.24,165.53,4.3,1000,0.69,0.49,0.06,2.0,0.39,1.0,13.28,0.5,1.11,14.46,0.03,-0.16,4.31,109,
Roupa De Frio Térmica Feminina Blusa E Calça Segunda Pele,89.49,58.17,4.6,100,-0.62,0.21,0.0,0.0,0.0,2.0,10.14,0.12,-0.93,9.16,0.0,-0.42,3.34,176,
Calça Feminina Jogger Malha De Viscolycra Esportiva Cós Alto,63.78,58.68,4.2,50,-1.02,0.13,0.0,0.0,0.01,1.0,8.79,0.13,-0.92,9.19,0.0,-0.43,2.97,21,
Conjunto Motocross Amx Infantil Moto Azul/vermelho/branco,190.5,180.98,4.5,100,0.95,0.55,0.0,0.0,0.19,3.0,13.76,0.55,1.41,15.01,0.0,-0.43,3.34,70,
Kit 05 Shorts De Academia Treino Roupas Moda Fitness Atacado,119.96,100.77,4.2,25,-0.15,0.31,0.03,0.0,0.19,1.0,11.44,0.27,-0.12,11.69,0.0,-0.44,2.58,80,
Kit 10 Cueca Boxer Lupo Sunga Box Algodão 100% Original,247.5,173.25,4.7,100,1.83,0.74,0.11,2.0,0.39,0.0,15.23,0.52,1.26,14.74,0.0,-0.42,3.34,82,
Kit 2 Calças Jeans Masculina Com Lycra.,134.3,127.58,4.6,10000,0.07,0.36,0.02,1.0,0.06,0.0,11.97,0.36,0.39,12.95,0.24,1.52,5.0,96,
Conjunto Blusa Calça Feminina Roupa Inverno Promoção J11,78.22,69.62,4.8,100,-0.79,0.17,0.0,0.0,0.0,1.0,9.59,0.16,-0.72,9.93,0.0,-0.41,3.34,65,
Kit 3 Calças Jogger Masculina Jeans Com Punho Elastico,182.34,165.93,4.3,1000,0.82,0.52,0.01,2.0,0.02,0.0,13.52,0.5,1.12,14.47,0.09,0.27,4.31,111,
Shorts Masculino Squadra 21 adidas,119.99,83.99,4.7,100,-0.15,0.31,0.04,0.0,0.19,0.0,11.44,0.21,-0.44,10.79,0.01,-0.37,3.34,209,
Kit 10 Cuecas Boxer Lupo Cueca Box Algodão Atacado Original,218.61,194.56,4.6,1000,1.38,0.64,0.11,2.0,0.39,0.0,14.52,0.6,1.67,15.47,0.01,-0.37,4.31,84,
Kit 3 Calça Jeans Feminina Levanta Bumbum Atacado,179.41,165.06,4.3,50,0.77,0.51,0.06,2.0,0.39,1.0,13.43,0.5,1.1,14.44,0.0,-0.44,2.97,108,
Kit 5 Cuecas Anti Assadura Esportiva Sem Costura Premium,199.97,125.98,4.9,100,1.09,0.58,0.03,1.0,0.08,0.0,14.02,0.36,0.36,12.88,0.01,-0.4,3.34,141,
Kit 3 Short Bermuda Masculina Dry Fit Academia Plus Size,135.31,121.78,4.8,100,0.09,0.36,0.02,1.0,0.19,0.0,12.01,0.34,0.28,12.69,0.0,-0.42,3.34,122,
Conjuntinho Mozao Casal Homem Mulher Estampado Viagem Roupa,78.7,49.58,4.8,100,-0.79,0.18,0.0,1.0,0.19,2.0,9.61,0.09,-1.1,8.51,0.0,-0.44,3.34,63,
Calça Legging Moletom Infantil Menina Malwee Kids,51.27,45.63,5.0,25,-1.21,0.09,0.0,2.0,0.39,5.0,8.0,0.08,-1.17,8.19,0.0,-0.44,2.58,42,
Kit 6 Cuecas Box Sem Costura Boxer Lupo Microfibra Original,183.06,155.6,4.7,1000,0.83,0.52,0.11,1.0,0.08,0.0,13.54,0.46,0.92,14.09,0.01,-0.38,4.31,149,
Conjunto Calça Blusa Térmica Roupafrio Segunda Pele Feminino,139.32,78.02,4.0,100,0.15,0.38,0.0,2.0,0.0,1.0,12.15,0.19,-0.56,10.45,0.0,-0.43,3.34,67,
Calça Mom Consciencia Jeans 00101 Jeans Medio,153.19,122.55,4.7,25,0.37,0.42,0.0,2.0,0.0,1.0,12.62,0.35,0.29,12.72,0.0,-0.44,2.58,52,
Short Saia Rodado Fitness Feminino Roupas Para Academia,37.19,29.01,4.9,100,-1.43,0.04,0.02,1.0,0.19,1.0,6.93,0.02,-1.49,6.6,0.0,-0.43,3.34,204,
Combo 4 Bermudas Plus Size Até O Joelho Estampada Cós Alto,116.62,104.96,4.1,100,-0.2,0.3,0.0,1.0,0.19,1.0,11.31,0.29,-0.04,11.9,0.0,-0.41,3.34,62,
Kit 4 Cuecas Lupo Algodão Sunga Boxer Adulto Cotton Original,85.53,69.28,4.5,1000,-0.68,0.2,0.11,2.0,0.39,0.0,9.95,0.16,-0.72,9.91,0.02,-0.27,4.31,138,
Kit 03 Conjuntos Top + Short Roupas Para Academia Atacado,136.04,103.39,4.2,1000,0.1,0.37,0.02,1.0,0.01,1.0,12.03,0.28,-0.07,11.82,0.01,-0.34,4.31,79,
Kit 4 Cuecas Boxer Mash Algodão Cotton Box Original Oferta,78.46,72.97,4.8,100,-0.79,0.18,0.03,3.0,0.39,0.0,9.6,0.18,-0.65,10.14,0.0,-0.4,3.34,136,
Kit C/3 Un Camisas Blusas Masculinas Long Line Oversize Swag,78.16,73.47,4.6,10000,-0.8,0.17,0.0,1.0,0.0,0.0,9.58,0.18,-0.64,10.17,0.15,0.83,5.0,155,
Kit 10 Cuecas Boxer Lupo Microfibra Sem Costura Box Original,321.32,257.06,4.8,1000,2.98,0.98,0.11,3.0,0.08,0.0,16.83,0.82,2.86,17.36,0.02,-0.27,4.31,86,
Calça Moletom Masculina Flanelada Com Punho Malwee,119.79,106.61,4.6,1000,-0.15,0.31,0.01,2.0,0.39,0.0,11.43,0.29,-0.01,11.98,0.02,-0.3,4.31,50,
Short Saia Jeans Plus Size Feminino Cintura Alta Com Lycra,72.88,64.86,4.9,100,-0.88,0.16,0.06,1.0,0.39,1.0,9.3,0.15,-0.81,9.62,0.01,-0.38,3.34,203,
Calça Masculina Aeroready Sereno Slim Legend Ink adidas,249.99,217.49,4.2,100,1.87,0.75,0.04,1.0,0.19,0.0,15.29,0.68,2.1,16.2,0.0,-0.44,3.34,46,
Kit 2 Calças Masculina Jeans Pra Trabalho Corte Reto,128.63,115.77,4.6,100,-0.01,0.34,0.0,2.0,0.0,0.0,11.77,0.32,0.16,12.42,0.0,-0.41,3.34,97,
Roupa Feminina Plus Size Blusa Calça Frio Peluciado Proteção,132.56,76.88,4.6,25,0.05,0.36,0.01,2.0,0.01,1.0,11.91,0.19,-0.58,10.38,0.0,-0.44,2.58,177,
Kit 3 Cuecas Masculinas Slip Cotton Calvin Klein,229.9,160.93,5.0,1000,1.56,0.68,0.0,1.0,0.39,0.0,14.8,0.48,1.02,14.29,0.01,-0.35,4.31,119,
"Kit Com 4 Short Para Usar Embaixo Da Roupa, Vestido, Saia",57.93,51.56,4.2,1000,-1.11,0.11,0.02,1.0,0.19,1.0,8.43,0.1,-1.06,8.66,0.01,-0.37,4.31,162,
Macacão Roupa De Apicultor Completa Proteção Contra Abelhas,203.88,154.95,4.3,1000,1.15,0.59,0.05,0.0,0.03,2.0,14.13,0.46,0.91,14.06,0.02,-0.28,4.31,167,
Short Masculino Logo adidas,119.99,83.99,4.7,100,-0.15,0.31,0.04,0.0,0.19,0.0,11.44,0.21,-0.44,10.79,0.0,-0.43,3.34,198,
Moletom Infantil Calça Masculina Juvenil Kit 3 Calca Moleton,99.93,58.96,3.3,100,-0.46,0.25,0.02,2.0,0.39,2.0,10.61,0.13,-0.92,9.21,0.0,-0.42,3.34,171,
Macacão Roupa De Apicultor Completa Proteção Contra Abelhas,203.88,154.95,4.3,1000,1.15,0.59,0.05,0.0,0.03,2.0,14.13,0.46,0.91,14.06,0.02,-0.28,4.31,167,
Kit 10 Cuecas Boxer Mash Algodão Cotton Box Original Oferta,229.39,178.92,4.6,10000,1.55,0.68,0.03,1.0,0.39,0.0,14.79,0.54,1.37,14.94,0.19,1.11,5.0,87,
"Bermuda Térmica Masculina Esportiva Corrida, Academia Treino",48.52,36.88,4.8,10000,-1.26,0.08,0.03,1.0,0.08,0.0,7.8,0.05,-1.34,7.41,0.11,0.47,5.0,15,
Calça Feminina Sarja Mom - 274383 Verde Sawary,185.99,141.35,4.8,50,0.88,0.53,0.01,2.0,0.39,1.0,13.63,0.41,0.65,13.52,0.0,-0.43,2.97,24,
Lote 10 Short Infantil Roupa Menina Atacado De Cotom Oferta,199.99,179.99,4.5,50,1.09,0.58,0.0,1.0,0.0,5.0,14.02,0.55,1.39,14.97,0.0,-0.44,2.97,165,
Conjunto Feminino Calça E Blusa Manga Longa Social Roupafrio,129.5,119.14,4.4,1000,0.0,0.35,0.0,2.0,0.01,1.0,11.8,0.34,0.23,12.57,0.03,-0.21,4.31,68,
Calça Jeans Infantil Wideleg Destroyed Menina Blogueirinha,119.55,107.6,4.7,100,-0.15,0.31,0.0,1.0,0.0,5.0,11.42,0.3,0.01,12.03,0.01,-0.39,3.34,33,
Kit 10 Cuecas Boxer Selene Box Microfibra Masculina Atacado,239.89,179.92,4.8,1000,1.71,0.71,0.0,2.0,0.02,0.0,15.05,0.55,1.39,14.97,0.03,-0.19,4.31,88,
Kit 10 Cuecas Boxer Lupo Cueca Box Algodão Masculina Atacado,232.89,190.97,4.5,10000,1.6,0.69,0.11,2.0,0.39,0.0,14.88,0.59,1.6,15.35,0.33,2.33,5.0,85,
Kit Com 10 Cuecas Boxer Algodão Sem Costura Zorba 781,199.9,159.92,4.7,50000,1.09,0.58,0.03,0.0,0.39,0.0,14.02,0.48,1.01,14.25,0.63,4.76,5.37,158,
Calça Levis 505 Original 100% Algodão Revendedor Autorizado,326.55,310.22,4.5,100,3.06,1.0,0.01,2.0,0.39,0.0,16.94,1.0,3.87,18.74,0.0,-0.42,3.34,44,
Macacão Apicultor Roupa Proteção Abelha Com Máscara + Brinde,166.21,149.59,4.1,1000,0.57,0.47,0.05,0.0,0.39,2.0,13.04,0.44,0.81,13.85,0.04,-0.14,4.31,166,
Short Jeans Plus Size Com Lycra Levanta Bumbum Cintura Alta,64.09,60.24,4.4,100,-1.01,0.13,0.06,1.0,0.06,1.0,8.81,0.13,-0.89,9.3,0.0,-0.4,3.34,195,
Kit 3 Short Jeans Feminino Levanta Bumbum Modela Cintura,149.67,128.72,4.3,100,0.31,0.41,0.06,1.0,0.39,1.0,12.5,0.37,0.41,12.99,0.0,-0.42,3.34,127,
Calça Jeans Original Sawary Com Lycra Roupas Femininas Dins,169.21,150.6,4.5,1000,0.62,0.48,0.03,2.0,0.0,1.0,13.13,0.45,0.83,13.89,0.01,-0.37,4.31,34,
Kit 2 Cuecas Boxer Lupo Basic Microfibra Sem Costura Box,69.99,48.99,4.8,10000,-0.92,0.15,0.11,1.0,0.08,0.0,9.14,0.09,-1.11,8.46,0.16,0.86,5.0,101,
Roupa Térmica Flanelada Kit 2 Calças + 2 Blusas Segunda Pele,199.73,179.76,4.3,1000,1.09,0.58,0.01,2.0,0.19,0.0,14.01,0.55,1.38,14.97,0.02,-0.3,4.31,183,
Kit 5short Feminino Leve Moletinho Academia Fitness Atacado,159.99,143.99,4.7,1000,0.47,0.45,0.01,1.0,0.39,1.0,12.84,0.42,0.7,13.63,0.01,-0.34,4.31,146,
Roupa Infantil Bailarina Profissional Balé Paetês Saia Média,199.99,185.99,4.6,100,1.09,0.58,0.0,0.0,0.19,5.0,14.02,0.57,1.5,15.18,0.0,-0.41,3.34,180,
Roupa Bebe Infantil Kit 10 Cuecas Boxer Menino Masculino,98.05,77.46,4.3,100,-0.49,0.24,0.0,0.0,0.39,4.0,10.53,0.19,-0.57,10.41,0.0,-0.43,3.34,174,
Pijama De Frio Feminino Longo Tecido Super Confortável,78.23,54.76,4.7,1000,-0.79,0.17,0.0,2.0,0.19,1.0,9.59,0.11,-1.0,8.91,0.02,-0.24,4.31,173,
Kit 3 Bermuda Moletom Academia Ginastica Leve Estampado Top,119.91,107.92,4.3,100,-0.15,0.31,0.01,0.0,0.19,0.0,11.44,0.3,0.01,12.05,0.0,-0.43,3.34,105,
Roupa Infantil Calça Jeans Branco Confortável Menino Juvenil,78.01,70.21,4.6,50,-0.8,0.17,0.0,2.0,0.39,4.0,9.57,0.17,-0.7,9.97,0.0,-0.44,2.97,181,
Kit 3 Short Jeans Feminino Cintura Alta Barato Atacado,129.2,117.57,4.4,1000,-0.0,0.34,0.04,1.0,0.06,1.0,11.79,0.33,0.2,12.5,0.06,0.02,4.31,125,
Kit 3 Calça Jeans Feminina Levanta Bumbum Cintura Alta,174.24,165.53,4.3,1000,0.69,0.49,0.06,2.0,0.39,1.0,13.28,0.5,1.11,14.46,0.03,-0.16,4.31,109,
Kit 2 Cuecas Box Boxer Zorba Algodão Sem Costura 781 Full,43.38,39.04,4.8,1000,-1.34,0.06,0.03,0.0,0.39,0.0,7.43,0.06,-1.3,7.61,0.03,-0.18,4.31,100,
Roupa Feminina Short Plus Size Jeans 44 Ao 58 E Cintura Alta,77.53,69.0,3.8,100,-0.81,0.17,0.0,1.0,0.03,1.0,9.55,0.16,-0.73,9.89,0.0,-0.44,3.34,179,
Moletom Calça Juvenil Menino Kit 3 Peça Flanelada 10-12-14,69.21,65.75,3.7,1000,-0.93,0.14,0.02,2.0,0.39,3.0,9.1,0.15,-0.79,9.68,0.02,-0.29,4.31,170,
Calça Jeans Wide Leg Feminino Índigo Sawary,223.99,141.11,4.6,50,1.47,0.66,0.01,2.0,0.39,1.0,14.65,0.41,0.65,13.51,0.0,-0.43,2.97,38,
Kit 2 Calças Jeans Masculina Com Lycra.,134.3,127.58,4.6,10000,0.07,0.36,0.02,1.0,0.06,0.0,11.97,0.36,0.39,12.95,0.24,1.52,5.0,96,
Kit 3 Calças Jogger Masculina Jeans Com Punho Elastico,182.34,165.93,4.3,1000,0.82,0.52,0.01,2.0,0.02,0.0,13.52,0.5,1.12,14.47,0.09,0.27,4.31,111,
Short Masculino Malha Colorblock Aeroready adidas Novo,179.99,125.99,4.5,50,0.78,0.51,0.04,2.0,0.19,0.0,13.45,0.36,0.36,12.88,0.0,-0.44,2.97,199,
Kit 4 Cuecas Boxer Lupo Em Algodão Masculina Cotton Original,89.9,70.12,4.6,10000,-0.61,0.21,0.11,1.0,0.39,0.0,10.16,0.17,-0.71,9.96,0.26,1.74,5.0,135,
Calça Jeans Infantil Juvenil Masculina C/ Elastano Mzocokids,64.47,56.73,4.7,100,-1.01,0.13,0.0,2.0,0.0,4.0,8.83,0.12,-0.96,9.05,0.0,-0.44,3.34,31,
Calça Linho Mom Feminina Bege Sawary,192.99,162.11,4.8,50,0.99,0.56,0.01,2.0,0.39,1.0,13.83,0.49,1.05,14.33,0.0,-0.42,2.97,45,
Bermuda Infantil Jeans Masculino Roupa Short Menino,42.26,37.61,4.5,100,-1.35,0.06,0.01,1.0,0.03,4.0,7.34,0.05,-1.32,7.47,0.0,-0.43,3.34,9,
Kit 3 Cuecas Low Rise Trunk Calvin Klein,239.9,177.53,4.6,100,1.71,0.71,0.0,2.0,0.39,0.0,15.05,0.54,1.34,14.89,0.0,-0.42,3.34,117,
Kit 4 Bermudas Plusais Estampada Caminhada Ultimas Unidades,105.93,94.28,2.3,25,-0.37,0.27,0.0,1.0,0.19,1.0,10.87,0.25,-0.25,11.36,0.0,-0.44,2.58,130,
