produto,preco,desconto,preco_desconto,nota,avaliacoes,qtd_vendidos,sazonalidade,Std_preco,minmax_preco,marca_freq,sazonalidade_ordinal,material_freq,publico_voltado_ordinal,preco_sts,preco_desconto_minmax,preco_desconto_std,preco_desconto_sts,minmax_avaliacoes,std_avaliacoes,qtd_vendidos_sts
Kit 10 Cuecas Boxer Lupo Cueca Box Algodão Masculina Atacado,232.89,18,190.97,4.5,3034,10000,6 meses menor temperatura,1.6,0.69,0.11,2.0,0.39,0.0,15.1,0.59,1.6,15.59,0.33,2.33,5.15
Kit Com 10 Cuecas Boxer Algodão Sem Costura Zorba 781,199.9,20,159.92,4.7,5682,50000,demanda regular,1.09,0.58,0.03,0.0,0.39,0.0,14.22,0.48,1.01,14.45,0.63,4.76,5.54
Kit 10 Cuecas Boxer Mash Algodão Cotton Box Original Oferta,229.39,22,178.92,4.6,1700,10000,6 meses maior temperatura,1.55,0.68,0.03,1.0,0.39,0.0,15.01,0.54,1.37,15.16,0.19,1.11,5.15
Kit 3 Short Jeans Feminino Cintura Alta Barato Atacado,129.2,9,117.57,4.4,507,1000,6 meses maior temperatura,-0.0,0.34,0.04,1.0,0.06,1.0,11.92,0.33,0.2,12.65,0.06,0.02,4.41
Blusa + Calça Térmica Treino Futebol Criança Infantil Fleece,78.03,5,74.13,4.7,58,100,6 meses menor temperatura,-0.8,0.17,0.01,2.0,0.0,3.0,9.65,0.18,-0.63,10.29,0.01,-0.39,3.38
Kit 4 Cuecas Boxer Lupo Em Algodão Masculina Cotton Original,89.9,22,70.12,4.6,2382,10000,6 meses maior temperatura,-0.61,0.21,0.11,1.0,0.39,0.0,10.25,0.17,-0.71,10.03,0.26,1.74,5.15
Kit 2 Cuecas Boxer Lupo Basic Microfibra Sem Costura Box,69.99,30,48.99,4.8,1429,10000,6 meses maior temperatura,-0.92,0.15,0.11,1.0,0.08,0.0,9.2,0.09,-1.11,8.48,0.16,0.86,5.15
Pacote 4 Cuecas Boxer Algodão Box Masculina Cotton Zorba,105.99,25,79.49,4.6,2290,10000,alta frequência,-0.36,0.27,0.03,3.0,0.39,0.0,10.98,0.2,-0.53,10.63,0.25,1.65,5.15
Faixa Peitoral Para Ginecomastia Reduz Volume Do Peito Homem,119.31,18,97.83,4.4,78,1000,demanda regular,-0.16,0.31,0.01,0.0,0.01,0.0,11.54,0.26,-0.18,11.66,0.01,-0.37,4.41
"Kit Com 4 Short Para Usar Embaixo Da Roupa, Vestido, Saia",57.93,11,51.56,4.2,88,1000,6 meses maior temperatura,-1.11,0.11,0.02,1.0,0.19,1.0,8.47,0.1,-1.06,8.69,0.01,-0.37,4.41
Macacão Roupa De Apicultor Completa Proteção Contra Abelhas,203.88,24,154.95,4.3,178,1000,demanda regular,1.15,0.59,0.05,0.0,0.03,2.0,14.33,0.46,0.91,14.26,0.02,-0.28,4.41
Macacão Apicultor Roupa Proteção Abelha Com Máscara + Brinde,166.21,10,149.59,4.1,331,1000,demanda regular,0.57,0.47,0.05,0.0,0.39,2.0,13.21,0.44,0.81,14.05,0.04,-0.14,4.41
Kit Com 10 Cuecas Slip Algodão Zorba,159.9,25,119.93,4.5,426,1000,6 meses maior temperatura,0.47,0.45,0.03,1.0,0.39,0.0,13.0,0.34,0.24,12.76,0.05,-0.06,4.41
Kit 4 Cuecas Boxer Infantil Kids Menino Box Sem Costura Lupo,109.9,31,75.83,4.9,145,1000,6 meses maior temperatura,-0.3,0.28,0.11,1.0,0.02,4.0,11.15,0.19,-0.6,10.4,0.02,-0.31,4.41
Kit 2 Cuecas Boxer Lupo Basic Microfibra Sem Costura Box,69.99,30,48.99,4.8,1429,10000,6 meses maior temperatura,-0.92,0.15,0.11,1.0,0.08,0.0,9.2,0.09,-1.11,8.48,0.16,0.86,5.15
Conjunto 2 Calça Masculina Jogger Swang Roupas Academia Slim,129.1,10,116.19,4.8,19,100,6 meses menor temperatura,-0.01,0.34,0.0,2.0,0.0,0.0,11.92,0.33,0.17,12.58,0.0,-0.43,3.38
Kit 3 Cuecas Slip Tamanho Especial Plus Size Algodão Mash,74.9,20,59.92,4.8,218,1000,demanda regular,-0.85,0.16,0.03,0.0,0.39,0.0,9.48,0.13,-0.9,9.33,0.02,-0.25,4.41
Calça Jeans Preta Feminina Super Lycra  Skinny Cintura Alta,61.93,13,53.88,4.4,1533,10000,6 meses menor temperatura,-1.05,0.12,0.06,2.0,0.02,1.0,8.72,0.11,-1.01,8.88,0.17,0.96,5.15
Kit 6 Cuecas Algodão Mash - Promoção Box Masculina Adulto,129.99,10,116.99,4.6,422,1000,alta frequência,0.01,0.35,0.03,3.0,0.39,0.0,11.95,0.33,0.19,12.62,0.05,-0.06,4.41
Calça Masculina Esportiva Slim Jogger Zíper Na Barra,59.91,10,53.92,4.2,58,100,6 meses menor temperatura,-1.08,0.11,0.01,2.0,0.19,0.0,8.59,0.11,-1.01,8.88,0.01,-0.39,3.38
Calça Montaria Gorgurao Legging Feminina Leg Canelada Bolso,47.02,6,44.2,4.5,1019,10000,demanda regular,-1.28,0.07,0.0,0.0,0.19,1.0,7.71,0.08,-1.2,8.08,0.11,0.49,5.15
Kit 6 Cuecas Boxer Lupo Algodão Masculina Box Adulto Cotton,152.91,16,128.44,4.6,1676,10000,alta frequência,0.36,0.42,0.11,3.0,0.01,0.0,12.77,0.37,0.41,13.15,0.18,1.09,5.15
Kit 3 Short Jeans Feminino Cintura Alta Barato Atacado,129.2,9,117.57,4.4,507,1000,6 meses maior temperatura,-0.0,0.34,0.04,1.0,0.06,1.0,11.92,0.33,0.2,12.65,0.06,0.02,4.41
Kit 3 Calça Jeans Feminina Levanta Bumbum Cintura Alta,174.24,5,165.53,4.3,312,1000,6 meses menor temperatura,0.69,0.49,0.06,2.0,0.39,1.0,13.46,0.5,1.11,14.67,0.03,-0.16,4.41
Kit 2 Calças Jeans Masculina Com Lycra.,134.3,5,127.58,4.6,2146,10000,6 meses maior temperatura,0.07,0.36,0.02,1.0,0.06,0.0,12.11,0.36,0.39,13.11,0.24,1.52,5.15
Kit 5 Cuecas Zorba Tradicional Slip Ligth Algodão Original,109.9,28,79.13,4.7,23,100,6 meses maior temperatura,-0.3,0.28,0.03,1.0,0.39,0.0,11.15,0.2,-0.53,10.6,0.0,-0.42,3.38
10 Shorts Ginástica Moda Fitness Roupas Femininas Atacado,219.31,13,190.8,4.7,16,100,6 meses maior temperatura,1.39,0.64,0.03,1.0,0.01,1.0,14.75,0.58,1.59,15.58,0.0,-0.43,3.38
Jaqueta Jeans Feminina Preta Com Lycra Roupas Atacado,64.49,10,58.04,4.3,249,1000,6 meses menor temperatura,-1.01,0.13,0.06,2.0,0.39,1.0,8.88,0.12,-0.94,9.19,0.03,-0.22,4.41
Kit Com 10 Cuecas Boxer Algodão Cotton Masculina Adulto Mash,209.41,15,178.0,4.8,327,1000,alta frequência,1.24,0.61,0.03,3.0,0.39,0.0,14.48,0.54,1.35,15.13,0.04,-0.15,4.41
Conjunto Blusa Térmico Roupa De Frio Masculino Segunda Pele,109.4,5,103.93,4.5,44,100,6 meses menor temperatura,-0.31,0.28,0.0,2.0,0.19,0.0,11.13,0.28,-0.06,11.98,0.0,-0.41,3.38
Kit 5 Camisetas Masculinas Slim Fit  Básicas Algodão Premium,239.11,51,117.16,4.5,9077,50000,demanda regular,1.7,0.71,0.0,0.0,0.39,0.0,15.26,0.33,0.19,12.63,1.0,7.86,5.54
Kit Pintores Macacão De Proteção Luva Óculos Respirador Epi,73.8,7,68.63,4.0,45,100,demanda regular,-0.86,0.16,0.0,0.0,0.19,0.0,9.42,0.16,-0.73,9.94,0.0,-0.4,3.38
Kit 3 Cuecas Boxer Lupo Tamanho Plus Size Masculina Original,99.99,29,70.99,4.4,127,1000,6 meses menor temperatura,-0.46,0.25,0.11,2.0,0.39,0.0,10.72,0.17,-0.69,10.09,0.01,-0.33,4.41
Macacão Segurança Proteção Química Laboratório Pintura Longo,25.63,10,23.07,4.2,30,1000,demanda regular,-1.61,0.0,0.0,0.0,0.0,2.0,5.77,0.0,-1.6,5.81,0.0,-0.42,4.41
Calça Feminina Pantalona Cintura Alta Cós Largo Duna Moda,72.36,18,59.34,4.4,14,100,6 meses menor temperatura,-0.89,0.16,0.03,2.0,0.0,1.0,9.34,0.13,-0.91,9.29,0.0,-0.43,3.38
Kit 15 Cueca Boxer Tamanho Especial Plus Size Microfibra,149.43,31,103.11,3.8,30,100,demanda regular,0.31,0.41,0.0,0.0,0.08,0.0,12.65,0.28,-0.08,11.94,0.0,-0.42,3.38
Kit 2 Calça Jeans Masculina Jogger Camuflada Sarja Elástico,134.32,10,120.89,4.3,215,1000,6 meses menor temperatura,0.08,0.36,0.01,2.0,0.02,0.0,12.11,0.34,0.26,12.81,0.02,-0.25,4.41
Kit 4 Cuecas Boxer Lupo Em Algodão Masculina Cotton Original,89.9,22,70.12,4.6,2382,10000,6 meses maior temperatura,-0.61,0.21,0.11,1.0,0.39,0.0,10.25,0.17,-0.71,10.03,0.26,1.74,5.15
10 Shorts Ginástica Moda Fitness Roupas Femininas Atacado,219.31,13,190.8,4.7,16,100,6 meses maior temperatura,1.39,0.64,0.03,1.0,0.01,1.0,14.75,0.58,1.59,15.58,0.0,-0.43,3.38
Calça Leg Lisa Cós Alto Suplex,30.4,5,28.88,4.6,262,1000,demanda regular,-1.54,0.02,0.0,0.0,0.01,1.0,6.28,0.02,-1.49,6.54,0.03,-0.21,4.41
Kit 4 Cuecas Boxer Puma Masculina Box Sem Costura Original,160.89,19,130.32,4.8,301,1000,6 meses menor temperatura,0.49,0.45,0.0,2.0,0.02,0.0,13.03,0.37,0.44,13.23,0.03,-0.17,4.41
Kit 10 Calcinhas Conforto Tanga Promoção Moda Íntima.,44.9,20,35.92,4.1,35,100,demanda regular,-1.31,0.06,0.01,0.0,0.08,1.0,7.55,0.05,-1.36,7.3,0.0,-0.41,3.38
Calça Legging Feminina Preta Grossa Dia A Dia Valor De Ataca,35.83,6,33.68,4.4,2363,50000,demanda regular,-1.45,0.03,0.0,0.0,0.01,1.0,6.79,0.04,-1.4,7.07,0.26,1.72,5.54
Kit 2 Calça Legging Flanelada Forrada Peluciada Inverno,46.29,10,41.66,4.0,258,1000,demanda regular,-1.29,0.07,0.01,0.0,0.19,1.0,7.65,0.07,-1.25,7.85,0.03,-0.21,4.41
Kit 4 Cuecas Boxer Lupo Em Algodão Masculina Cotton Original,89.9,22,70.12,4.6,2382,10000,6 meses maior temperatura,-0.61,0.21,0.11,1.0,0.39,0.0,10.25,0.17,-0.71,10.03,0.26,1.74,5.15
Calça Masculina Térmica Roupa De Frio Segunda Pele Legging.,56.09,29,39.82,4.5,204,1000,6 meses menor temperatura,-1.14,0.1,0.0,2.0,0.19,0.0,8.35,0.06,-1.28,7.68,0.02,-0.26,4.41
Short Jeans Feminino Cintura Alta Com Lycra Barra Desfiada,44.29,6,41.63,4.4,237,1000,6 meses maior temperatura,-1.32,0.06,0.06,1.0,0.39,1.0,7.5,0.07,-1.25,7.84,0.03,-0.23,4.41
Kit 3 Cuecas Lupo Slip Masculina Algodão Promoção Original,78.89,24,59.96,4.6,257,1000,6 meses menor temperatura,-0.78,0.18,0.11,2.0,0.39,0.0,9.69,0.13,-0.9,9.33,0.03,-0.21,4.41
Shorts Masculino Design 4 Move adidas,199.99,30,139.99,4.7,19,100,6 meses maior temperatura,1.09,0.58,0.04,1.0,0.19,0.0,14.22,0.41,0.63,13.65,0.0,-0.43,3.38
Kit 2 Cuecas Boxer Lupo Microfibra Box Sem Costura Original,61.99,19,50.21,4.8,742,10000,6 meses maior temperatura,-1.05,0.12,0.11,1.0,0.02,0.0,8.73,0.1,-1.08,8.58,0.08,0.23,5.15
Roupa Naruto Akatsuki Cosplay Itachi Postagem 24h Promoção,75.03,21,59.27,4.7,139,1000,6 meses menor temperatura,-0.84,0.16,0.01,2.0,0.19,2.0,9.48,0.13,-0.91,9.28,0.01,-0.32,4.41
3 Conjuntos Fitness Feminino Top + Short Roupas Academia A11,129.21,19,104.66,4.4,286,1000,6 meses maior temperatura,-0.0,0.34,0.02,1.0,0.19,1.0,11.92,0.29,-0.05,12.02,0.03,-0.18,4.41
Kit 9 Cuecas Lupo Slip Masculino Algodão Atacado Original,229.89,26,170.12,4.4,165,1000,6 meses menor temperatura,1.56,0.68,0.11,2.0,0.39,0.0,15.02,0.51,1.2,14.84,0.02,-0.29,4.41
Short Jeans Feminino Com Cinto Fivela Country Cintura Alta,80.36,10,72.32,4.2,5,50,6 meses maior temperatura,-0.76,0.18,0.0,1.0,0.03,1.0,9.77,0.17,-0.66,10.18,0.0,-0.44,3.0
Kit 3 Calça Jeans Feminina Levanta Bumbum Atacado,175.59,10,158.03,3.9,41,100,6 meses menor temperatura,0.72,0.5,0.06,2.0,0.03,1.0,13.5,0.47,0.97,14.38,0.0,-0.41,3.38
Calça Masculina Esportiva Slim Jogger Zíper Na Barra,59.91,10,53.92,4.6,7,50,6 meses menor temperatura,-1.08,0.11,0.01,2.0,0.19,0.0,8.59,0.11,-1.01,8.88,0.0,-0.44,3.0
Kit 5 Shorts Calção Futebol Academia Treino Crossfit Corrida,166.89,19,135.18,4.4,60,100,demanda regular,0.58,0.47,0.0,0.0,0.19,0.0,13.23,0.39,0.53,13.44,0.01,-0.39,3.38
Bermuda Esportiva Compressão Anti Assadura Térmica Lupo,99.9,25,74.93,4.9,181,1000,6 meses maior temperatura,-0.46,0.25,0.11,1.0,0.08,0.0,10.71,0.18,-0.61,10.34,0.02,-0.28,4.41
Calça Plus Size Jeans Feminina Wide Leg Levanta Bumbum,68.76,6,64.63,4.7,27,100,6 meses menor temperatura,-0.94,0.14,0.06,2.0,0.39,1.0,9.13,0.15,-0.81,9.66,0.0,-0.42,3.38
2 Shorts Iguais Casal Praia 5 Estampas Roupa Combinando,139.79,8,128.61,5.0,6,50,6 meses maior temperatura,0.16,0.38,0.0,1.0,0.0,2.0,12.31,0.37,0.41,13.16,0.0,-0.44,3.0
Short Saia Rodado Fitness Feminino Roupas Para Academia,38.73,21,30.6,4.6,20,100,6 meses maior temperatura,-1.41,0.04,0.03,1.0,0.19,1.0,7.05,0.03,-1.46,6.73,0.0,-0.43,3.38
4 Short Bermuda Masculina Esporte Dry Fit Academia Plus,149.91,10,134.92,5.0,6,5,6 meses maior temperatura,0.32,0.41,0.02,1.0,0.19,0.0,12.67,0.39,0.53,13.43,0.0,-0.44,1.44
Short Saia Jeans Plus Size Feminino Cintura Alta Com Lycra,72.88,11,64.86,4.9,77,100,6 meses maior temperatura,-0.88,0.16,0.06,1.0,0.39,1.0,9.37,0.15,-0.81,9.68,0.01,-0.38,3.38
Bermuda Slim Curves Leve Compressão Dilady 105203,68.71,38,42.6,4.9,7,100,demanda regular,-0.94,0.14,0.0,0.0,0.02,1.0,9.13,0.07,-1.23,7.93,0.0,-0.44,3.38
Kit 3 Bermuda Short Masculino Dry Fit Treino Plus Size,129.91,10,116.92,4.5,27,100,6 meses maior temperatura,0.01,0.35,0.02,1.0,0.19,0.0,11.95,0.33,0.19,12.62,0.0,-0.42,3.38
Calça Branca Jeans Feminina Skinny Cintura Alta Com Lycra,64.54,13,56.15,4.6,308,1000,6 meses menor temperatura,-1.01,0.13,0.06,2.0,0.39,1.0,8.88,0.12,-0.97,9.05,0.03,-0.16,4.41
Calça Branca Plus Size Enfermagem Com Lycra Feminina Sarja,78.64,13,68.42,4.1,16,100,6 meses menor temperatura,-0.79,0.18,0.06,2.0,0.39,1.0,9.68,0.16,-0.74,9.92,0.0,-0.43,3.38
Kit 4 Bermuda Masculina Sport Dry Fit  Academia Plus,159.91,10,143.92,4.6,11,25,6 meses maior temperatura,0.47,0.45,0.02,1.0,0.19,0.0,13.0,0.42,0.7,13.81,0.0,-0.44,2.59
"Kit Com 4 Short Para Usar Embaixo Da Roupa, Vestido, Saia",57.93,11,51.56,4.2,88,1000,6 meses maior temperatura,-1.11,0.11,0.02,1.0,0.19,1.0,8.47,0.1,-1.06,8.69,0.01,-0.37,4.41
Macacão Roupa De Apicultor Completa Proteção Contra Abelhas,203.88,24,154.95,4.3,178,1000,demanda regular,1.15,0.59,0.05,0.0,0.03,2.0,14.33,0.46,0.91,14.26,0.02,-0.28,4.41
Kit Com 6 Conjuntos Roupas Juvenil Roupa Infantil Menina Top,197.21,16,165.66,4.4,20,100,6 meses maior temperatura,1.05,0.57,0.0,1.0,0.39,5.0,14.14,0.5,1.11,14.67,0.0,-0.43,3.38
Calça Jeans Feminina Super Lipo Sawary Roupas Femininas,169.86,6,159.67,4.6,227,1000,6 meses menor temperatura,0.63,0.48,0.03,2.0,0.06,1.0,13.32,0.48,1.0,14.44,0.02,-0.24,4.41
Kit 3 Conjunto Short + Top Nadador Roupas Femininas Academia,129.91,21,102.63,4.1,16,100,6 meses maior temperatura,0.01,0.35,0.02,1.0,0.19,1.0,11.95,0.28,-0.09,11.91,0.0,-0.43,3.38
Kit 2 Conjuntos Calça Legging E Top Roupas Feminina Academia,99.92,26,73.94,4.3,211,1000,demanda regular,-0.46,0.25,0.01,0.0,0.01,1.0,10.71,0.18,-0.63,10.28,0.02,-0.25,4.41
Short Jeans Feminino Cintura Alta Levanta Bumbum Com Lycra,49.99,8,45.99,4.3,77,100,6 meses maior temperatura,-1.23,0.08,0.06,1.0,0.39,2.0,7.93,0.08,-1.17,8.23,0.01,-0.38,3.38
Calça Feminina Lycra Cintura Alta Empina Bumbum,74.49,10,67.04,4.6,105,1000,6 meses maior temperatura,-0.85,0.16,0.0,1.0,0.02,1.0,9.45,0.15,-0.76,9.83,0.01,-0.35,4.41
Kit 3 Bermuda Masculina Jeans Plus Size Lycra Elastano,283.73,30,198.61,4.9,19,100,6 meses maior temperatura,2.39,0.86,0.01,1.0,0.39,0.0,16.31,0.61,1.74,15.85,0.0,-0.43,3.38
5 Shorts Canelado Feminino Shortinho Soltinho Verão Atacado,77.17,10,69.45,4.2,23,100,6 meses maior temperatura,-0.81,0.17,0.0,1.0,0.0,1.0,9.6,0.16,-0.72,9.99,0.0,-0.42,3.38
Macacão Roupa De Apicultor Completa Proteção Contra Abelhas,203.88,24,154.95,4.3,178,1000,demanda regular,1.15,0.59,0.05,0.0,0.03,2.0,14.33,0.46,0.91,14.26,0.02,-0.28,4.41
Kit 10 Cuecas Boxer Mash Algodão Cotton Box Original Oferta,229.39,22,178.92,4.6,1700,10000,6 meses maior temperatura,1.55,0.68,0.03,1.0,0.39,0.0,15.01,0.54,1.37,15.16,0.19,1.11,5.15
"Bermuda Térmica Masculina Esportiva Corrida, Academia Treino",49.89,26,36.92,4.8,1003,10000,6 meses maior temperatura,-1.23,0.08,0.03,1.0,0.08,0.0,7.92,0.05,-1.34,7.4,0.11,0.47,5.15
Calça Levi's 501 Original Masculina 100% Algodão Importada,315.1,5,299.35,4.4,28,100,6 meses maior temperatura,2.88,0.96,0.01,1.0,0.39,0.0,16.99,0.96,3.66,18.81,0.0,-0.42,3.38
Kit 4 Bermuda Dry Fit Masculina Poliéster Plus Size,159.91,10,143.92,4.8,14,100,6 meses maior temperatura,0.47,0.45,0.02,1.0,0.19,0.0,13.0,0.42,0.7,13.81,0.0,-0.43,3.38
Conjunto Térmico Infantil Criança Forro Fleece Segunda Pele,78.03,5,74.13,4.9,23,100,6 meses menor temperatura,-0.8,0.17,0.01,2.0,0.19,3.0,9.65,0.18,-0.63,10.29,0.0,-0.42,3.38
Short Essential 9 Masculino Olympikus Novo,119.47,22,93.19,4.3,16,50,6 meses maior temperatura,-0.16,0.31,0.0,1.0,0.19,0.0,11.54,0.25,-0.27,11.41,0.0,-0.43,3.0
Bermuda Jeans Stretch Lycra Masculina Plus Size 58 Ao 62,78.46,7,72.97,4.5,10,100,6 meses maior temperatura,-0.79,0.18,0.0,1.0,0.39,0.0,9.67,0.18,-0.65,10.22,0.0,-0.44,3.38
Faixa Peitoral Ginecomastia Pós Cirurgico Masculino Conforto,119.31,18,97.83,4.3,8,50,demanda regular,-0.16,0.31,0.01,0.0,0.01,0.0,11.54,0.26,-0.18,11.66,0.0,-0.44,3.0
Macacão Apicultor Roupa Proteção Abelha Com Máscara + Brinde,166.21,10,149.59,4.1,331,1000,demanda regular,0.57,0.47,0.05,0.0,0.39,2.0,13.21,0.44,0.81,14.05,0.04,-0.14,4.41
Kit 10 Cuecas Boxer Lupo Cueca Box Algodão Masculina Atacado,232.89,18,190.97,4.5,3034,10000,6 meses menor temperatura,1.6,0.69,0.11,2.0,0.39,0.0,15.1,0.59,1.6,15.59,0.33,2.33,5.15
Kit Com 10 Cuecas Boxer Algodão Sem Costura Zorba 781,199.9,20,159.92,4.7,5682,50000,demanda regular,1.09,0.58,0.03,0.0,0.39,0.0,14.22,0.48,1.01,14.45,0.63,4.76,5.54
Kit 2 Calça Jeans Lycra Masculina Tamanho Especial Plus Size,259.52,24,197.24,4.1,11,50,6 meses maior temperatura,2.02,0.78,0.01,1.0,0.39,0.0,15.76,0.61,1.72,15.8,0.0,-0.44,3.0
Roupa Térmica Frio Forro Peluciado Blusa+calça+luva+meia,149.91,16,125.92,4.1,28,100,6 meses menor temperatura,0.32,0.41,0.01,2.0,0.0,1.0,12.67,0.36,0.36,13.04,0.0,-0.42,3.38
Macacão Apicultor Roupa Proteção Abelha Com Máscara + Brinde,166.21,10,149.59,4.1,331,1000,demanda regular,0.57,0.47,0.05,0.0,0.39,2.0,13.21,0.44,0.81,14.05,0.04,-0.14,4.41
Kit 2 Cuecas Boxer Lupo Basic Microfibra Sem Costura Box,69.99,30,48.99,4.8,1429,10000,6 meses maior temperatura,-0.92,0.15,0.11,1.0,0.08,0.0,9.2,0.09,-1.11,8.48,0.16,0.86,5.15
Kit 3 Calça Jeans Feminina Levanta Bumbum Cintura Alta,174.24,5,165.53,4.3,312,1000,6 meses menor temperatura,0.69,0.49,0.06,2.0,0.39,1.0,13.46,0.5,1.11,14.67,0.03,-0.16,4.41
Short Jeans Feminino Com Elastano Barra Dobrada Cintura Alta,49.49,11,44.05,4.7,27,100,6 meses maior temperatura,-1.24,0.08,0.04,1.0,0.06,1.0,7.89,0.07,-1.2,8.06,0.0,-0.42,3.38
Kit 4 Conjuntos Fitness Top E Short Roupas Feminina Academia,176.36,28,126.98,4.3,18,100,demanda regular,0.73,0.5,0.01,0.0,0.19,1.0,13.52,0.36,0.38,13.08,0.0,-0.43,3.38
Kit Atacado 3 Calça Jeans Masculina Tradicional  (sortidas),189.88,8,174.69,4.6,1872,10000,6 meses maior temperatura,0.94,0.55,0.0,1.0,0.06,0.0,13.93,0.53,1.29,15.01,0.21,1.27,5.15
Calça Menino Menina Infantil Moletom Flanelado 1 Ao 8,37.66,40,22.6,3.8,17,100,6 meses menor temperatura,-1.42,0.04,0.02,2.0,0.01,4.0,6.95,0.0,-1.61,5.75,0.0,-0.43,3.38
Kit 3 Short Jeans Feminino Cintura Alta Barato Atacado,129.2,9,117.57,4.4,507,1000,6 meses maior temperatura,-0.0,0.34,0.04,1.0,0.06,1.0,11.92,0.33,0.2,12.65,0.06,0.02,4.41
Kit 02 Calças Jeans Feminina Skinny Cintura Alta Modeladora,139.61,8,128.44,4.4,30,100,6 meses menor temperatura,0.16,0.38,0.06,2.0,0.39,1.0,12.31,0.37,0.41,13.15,0.0,-0.42,3.38
Kit 3 Calça Jeans Feminina Levanta Bumbum Cintura Alta,174.24,5,165.53,4.3,312,1000,6 meses menor temperatura,0.69,0.49,0.06,2.0,0.39,1.0,13.46,0.5,1.11,14.67,0.03,-0.16,4.41
Kit 4 Camisa Plus Size Blusa Academia Ginástica Dryfit,145.41,23,111.97,4.6,56,100,demanda regular,0.25,0.4,0.0,0.0,0.0,0.0,12.51,0.31,0.09,12.38,0.01,-0.39,3.38
Bermuda Juvenil Jeans Masculino Roupa Short Menino,52.16,11,46.42,4.9,14,100,6 meses maior temperatura,-1.2,0.09,0.01,1.0,0.03,4.0,8.08,0.08,-1.16,8.27,0.0,-0.43,3.38
Kit 3 Short Jeans Feminino Cintura Alta Barato Atacado,129.2,9,117.57,4.4,507,1000,6 meses maior temperatura,-0.0,0.34,0.04,1.0,0.06,1.0,11.92,0.33,0.2,12.65,0.06,0.02,4.41
Kit 2 Calças Jeans Masculina Com Lycra.,134.3,5,127.58,4.6,2146,10000,6 meses maior temperatura,0.07,0.36,0.02,1.0,0.06,0.0,12.11,0.36,0.39,13.11,0.24,1.52,5.15
2 Conjuntos Ciclista Liso + Top Roupas Femininas Academia,78.72,13,68.49,4.7,12,100,6 meses maior temperatura,-0.79,0.18,0.02,1.0,0.19,1.0,9.68,0.16,-0.74,9.93,0.0,-0.43,3.38
5 Shorts De Dormir Algodão Masculino Com Estampas Discreta,129.4,5,122.93,4.0,10,25,demanda regular,-0.0,0.34,0.0,0.0,0.39,0.0,11.93,0.35,0.3,12.9,0.0,-0.44,2.59
Kit 3 Calças Jogger Moda Juvenil Oferta Roupa Mocinhas Luxo,164.65,5,156.42,4.4,65,100,6 meses maior temperatura,0.55,0.46,0.0,1.0,0.0,5.0,13.16,0.47,0.94,14.32,0.01,-0.39,3.38
Bermuda Térmica Anti Assadura Feminina Shorts Esporte Novo,42.9,21,33.89,4.9,14,100,6 meses maior temperatura,-1.34,0.06,0.03,1.0,0.08,1.0,7.39,0.04,-1.4,7.09,0.0,-0.43,3.38
Shorts Masculino Essentials Logo adidas,199.99,30,139.99,4.8,32,100,demanda regular,1.09,0.58,0.04,0.0,0.19,0.0,14.22,0.41,0.63,13.65,0.0,-0.42,3.38
Kit 4 Cuecas Boxer Lupo Em Algodão Masculina Cotton Original,89.9,22,70.12,4.6,2384,10000,6 meses maior temperatura,-0.61,0.21,0.11,1.0,0.39,0.0,10.25,0.17,-0.71,10.03,0.26,1.74,5.15
Short Jeans Feminino Cintura Alta Com Lycra Barra Desfiada,44.29,6,41.63,4.4,239,1000,6 meses maior temperatura,-1.32,0.06,0.06,1.0,0.39,1.0,7.5,0.07,-1.25,7.84,0.03,-0.23,4.41
Calça Jeans Feminina Flare Cós Alto Levanta Bumbum Hot Pants,74.17,12,65.27,4.4,1028,10000,6 meses menor temperatura,-0.86,0.16,0.0,2.0,0.39,1.0,9.44,0.15,-0.8,9.71,0.11,0.5,5.15
Short Lipo Cinta Cintura Alta Power Barriga Modeladora Prada,49.41,11,43.97,4.5,27,100,6 meses maior temperatura,-1.24,0.08,0.06,1.0,0.19,1.0,7.88,0.07,-1.2,8.06,0.0,-0.42,3.38
Roupa Térmica Flanelada Kit 2 Calças + 2 Blusas Segunda Pele,189.73,10,170.76,4.4,128,1000,6 meses menor temperatura,0.93,0.55,0.01,2.0,0.19,0.0,13.92,0.52,1.21,14.87,0.01,-0.33,4.41
Calça Jeans Feminina Super Lipo Sawary Roupas Femininas,172.51,6,162.16,4.5,151,1000,6 meses menor temperatura,0.67,0.49,0.03,2.0,0.03,1.0,13.41,0.49,1.05,14.54,0.02,-0.31,4.41
Kit 03 Bermudas Jeans Vira Lata Original,159.91,10,143.92,3.5,4,50,6 meses maior temperatura,0.47,0.45,0.0,1.0,0.03,0.0,13.0,0.42,0.7,13.81,0.0,-0.44,3.0
Kit 2 Shorts Bermuda Anagua Segunda Pele P/ Usar C/ Roupas,50.26,15,42.72,3.8,18,100,6 meses maior temperatura,-1.23,0.08,0.0,1.0,0.08,2.0,7.94,0.07,-1.23,7.94,0.0,-0.43,3.38
Short Jeans Plus Size Cintura Alta Barra Desfiada Com Lycra,64.76,7,60.23,4.4,10,100,6 meses maior temperatura,-1.0,0.13,0.06,1.0,0.39,1.0,8.9,0.13,-0.89,9.35,0.0,-0.44,3.38
Short Saia Jeans Plus Size Feminino Cintura Alta Com Lycra,72.88,11,64.86,4.9,77,100,6 meses maior temperatura,-0.88,0.16,0.06,1.0,0.39,1.0,9.37,0.15,-0.81,9.68,0.01,-0.38,3.38
Shorts Masculino Essentials Woven adidas,179.99,16,151.19,4.7,28,100,demanda regular,0.78,0.51,0.04,0.0,0.19,0.0,13.64,0.45,0.84,14.11,0.0,-0.42,3.38
Conjunto Térmico Inverno Forrado 2ªpele + Gorro +luva Touch,168.36,5,159.94,4.6,44,100,demanda regular,0.6,0.47,0.0,0.0,0.0,2.0,13.27,0.48,1.01,14.46,0.0,-0.41,3.38
Kit 3 Conjunto Menino Roupa Infantil Shorts Moletom Tactel,122.61,10,110.35,4.7,7,25,6 meses maior temperatura,-0.11,0.32,0.01,1.0,0.39,4.0,11.67,0.31,0.06,12.3,0.0,-0.44,2.59
Kit 2 Calça Moletom Masculina Plus Size Extra G G1 G2 G3 G4,169.91,10,152.92,4.4,40,100,6 meses menor temperatura,0.63,0.48,0.0,2.0,0.01,0.0,13.32,0.45,0.87,14.18,0.0,-0.41,3.38
Calça Wide Leg Plus Size Jeans Levanta Bumbum Cintura Alta,78.09,10,70.28,4.9,18,100,6 meses menor temperatura,-0.8,0.17,0.06,2.0,0.39,1.0,9.65,0.17,-0.7,10.04,0.0,-0.43,3.38
Short Jeans Feminino Com Lycra Levanta Bumbum Destroyed,49.92,20,39.94,4.7,9,50,6 meses maior temperatura,-1.23,0.08,0.06,1.0,0.39,1.0,7.92,0.06,-1.28,7.69,0.0,-0.44,3.0
Short Meia Coxa Claro Com Ilhós Roupa Feminina.,59.99,24,45.59,4.1,7,25,demanda regular,-1.08,0.11,0.0,0.0,0.39,1.0,8.6,0.08,-1.17,8.2,0.0,-0.44,2.59
Short Saia Jeans Plus Size Feminino Cintura Alta Com Lycra,72.88,11,64.86,4.9,77,100,6 meses maior temperatura,-0.88,0.16,0.06,1.0,0.39,1.0,9.37,0.15,-0.81,9.68,0.01,-0.38,3.38
Short Jeans Plus Size Cintura Alta Barra Desfiada Com Lycra,64.76,7,60.23,4.4,10,100,6 meses maior temperatura,-1.0,0.13,0.06,1.0,0.39,1.0,8.9,0.13,-0.89,9.35,0.0,-0.44,3.38
Shorts Masculino Essentials Woven adidas,179.99,16,151.19,4.7,28,100,demanda regular,0.78,0.51,0.04,0.0,0.19,0.0,13.64,0.45,0.84,14.11,0.0,-0.42,3.38
Kit 4 Conjunto Moletom Menino Infantil Gola Careca Masculino,134.61,6,126.53,4.0,41,100,demanda regular,0.08,0.36,0.02,0.0,0.39,6.0,12.12,0.36,0.37,13.06,0.0,-0.41,3.38
Kit 3 Conjunto Menino Roupa Infantil Shorts Moletom Tactel,122.61,10,110.35,4.7,7,25,6 meses maior temperatura,-0.11,0.32,0.01,1.0,0.39,4.0,11.67,0.31,0.06,12.3,0.0,-0.44,2.59
"Kit Com 4 Short Para Usar Embaixo Da Roupa, Vestido, Saia",57.93,11,51.56,4.2,88,1000,6 meses maior temperatura,-1.11,0.11,0.02,1.0,0.19,1.0,8.47,0.1,-1.06,8.69,0.01,-0.37,4.41
Macacão Roupa De Apicultor Completa Proteção Contra Abelhas,203.88,24,154.95,4.3,178,1000,demanda regular,1.15,0.59,0.05,0.0,0.03,2.0,14.33,0.46,0.91,14.26,0.02,-0.28,4.41
Roupa Térmica Peluciado Blusa Calça Touca Cachecol Meia Luva,199.1,10,179.19,4.8,6,25,6 meses menor temperatura,1.08,0.58,0.01,2.0,0.01,1.0,14.19,0.54,1.37,15.17,0.0,-0.44,2.59
Calça Para Trabalho Pesado Uniforme Pedreiro Mecânico Obra,53.05,11,47.21,4.1,303,10000,6 meses maior temperatura,-1.19,0.09,0.0,1.0,0.0,0.0,8.14,0.09,-1.14,8.34,0.03,-0.17,5.15
Macacão Roupa De Apicultor Completa Proteção Contra Abelhas,203.88,24,154.95,4.3,178,1000,demanda regular,1.15,0.59,0.05,0.0,0.03,2.0,14.33,0.46,0.91,14.26,0.02,-0.28,4.41
Calça Jeans Feminina Plus Size Flare Com Lycra Cintura Alta,78.59,9,71.52,4.5,30,100,6 meses menor temperatura,-0.79,0.18,0.06,2.0,0.39,1.0,9.68,0.17,-0.68,10.13,0.0,-0.42,3.38
Kit 3 Conjuntos Short + Top Nadador Fitness Roupas Femininas,129.21,19,104.66,4.6,17,100,6 meses maior temperatura,-0.0,0.34,0.0,1.0,0.19,1.0,11.92,0.29,-0.05,12.02,0.0,-0.43,3.38
Kit 10 Cuecas Boxer Mash Algodão Cotton Box Original Oferta,229.39,22,178.92,4.6,1700,10000,6 meses maior temperatura,1.55,0.68,0.03,1.0,0.39,0.0,15.01,0.54,1.37,15.16,0.19,1.11,5.15
"Bermuda Térmica Masculina Esportiva Corrida, Academia Treino",48.52,24,36.88,4.8,1004,10000,6 meses maior temperatura,-1.26,0.08,0.03,1.0,0.08,0.0,7.82,0.05,-1.34,7.39,0.11,0.47,5.15
Shorts Feminino Size Paete Cintura Alta Curto P Ao 52,78.16,6,73.47,4.3,7,50,6 meses maior temperatura,-0.8,0.17,0.0,1.0,0.0,1.0,9.65,0.18,-0.64,10.25,0.0,-0.44,3.0
Roupa Feminina Short Jeans Cintura Alta Hot Pant Com Lycra,79.19,11,70.48,4.4,29,100,6 meses maior temperatura,-0.78,0.18,0.0,1.0,0.03,1.0,9.71,0.17,-0.7,10.06,0.0,-0.42,3.38
Kit 10 Cuecas Boxer Lupo Cueca Box Algodão Masculina Atacado,232.89,18,190.97,4.5,3036,10000,6 meses menor temperatura,1.6,0.69,0.11,2.0,0.39,0.0,15.1,0.59,1.6,15.59,0.33,2.33,5.15
Kit Com 10 Cuecas Boxer Algodão Sem Costura Zorba 781,199.9,20,159.92,4.7,5688,50000,demanda regular,1.09,0.58,0.03,0.0,0.39,0.0,14.22,0.48,1.01,14.45,0.63,4.76,5.54
Macacão Apicultor Roupa Proteção Abelha Com Máscara + Brinde,166.21,10,149.59,4.1,332,1000,demanda regular,0.57,0.47,0.05,0.0,0.39,2.0,13.21,0.44,0.81,14.05,0.04,-0.14,4.41
Calça Legging Fake Jeans Roupa Fitness Academia Kit 02 Peças,99.1,10,89.19,4.4,19,50,demanda regular,-0.47,0.24,0.0,0.0,0.0,1.0,10.68,0.23,-0.34,11.19,0.0,-0.43,3.0
Kit 15 Cuecas Box Boxer Infantil Mallbeck De Microfibra.,58.45,6,54.94,4.1,45,100,demanda regular,-1.1,0.11,0.0,0.0,0.08,4.0,8.5,0.11,-0.99,8.96,0.0,-0.4,3.38
Conjunto Fitness Feminino Top Short Roupas P/ Academia A19,46.7,26,34.56,4.4,9,100,6 meses maior temperatura,-1.28,0.07,0.02,1.0,0.19,1.0,7.68,0.04,-1.38,7.16,0.0,-0.44,3.38
Short Saia Jeans Plus Size Com Lycra Cós Alto Levanta Bumbum,67.98,6,63.9,4.5,41,100,6 meses maior temperatura,-0.95,0.14,0.0,1.0,0.39,1.0,9.09,0.14,-0.82,9.61,0.0,-0.41,3.38
Kit 2 Cuecas Boxer Lupo Basic Microfibra Sem Costura Box,69.99,30,48.99,4.8,1429,10000,6 meses maior temperatura,-0.92,0.15,0.11,1.0,0.08,0.0,9.2,0.09,-1.11,8.48,0.16,0.86,5.15
Kit 7 Calcinha Cós Elegante Cos Alto Conforto Microfibra,49.12,5,46.66,3.8,19,100,demanda regular,-1.25,0.08,0.01,0.0,0.08,1.0,7.86,0.08,-1.15,8.29,0.0,-0.43,3.38
Kit 5 Bermuda Masculinha Moletinho Academia Verão Praia,156.14,5,148.33,4.3,6,50,6 meses maior temperatura,0.41,0.43,0.01,1.0,0.0,0.0,12.88,0.44,0.78,13.99,0.0,-0.44,3.0
Kit 2 Conjuntos Segunda Pele Forrada Frio Intenso,219.1,10,197.19,4.5,104,100,6 meses menor temperatura,1.39,0.64,0.0,2.0,0.19,2.0,14.74,0.61,1.72,15.8,0.01,-0.35,3.38
Kit 3 Pijama Feminino Longo Suede Inverno Frio Tecido Macio,145.31,10,130.78,4.7,18,25,6 meses menor temperatura,0.25,0.4,0.0,2.0,0.0,1.0,12.51,0.38,0.45,13.25,0.0,-0.43,2.59
Kit 10 Peças Roupa Infantil Menino 5 Shorts + 5 Camisetas,155.31,10,139.78,3.2,5,25,6 meses maior temperatura,0.4,0.43,0.0,1.0,0.39,4.0,12.85,0.41,0.62,13.64,0.0,-0.44,2.59
Kit 3 Short Jeans Feminino Cintura Alta Barato Atacado,129.2,9,117.57,4.4,507,1000,6 meses maior temperatura,-0.0,0.34,0.04,1.0,0.06,1.0,11.92,0.33,0.2,12.65,0.06,0.02,4.41
Kit Com 10 Cuecas Boxer Masculina Polo London Club - Oferta,179.9,38,111.54,4.1,35,100,6 meses maior temperatura,0.78,0.51,0.0,1.0,0.39,0.0,13.63,0.31,0.08,12.36,0.0,-0.41,3.38
Kit 2 Calças Jeans Masculina Com Lycra.,134.3,5,127.58,4.6,2146,10000,6 meses maior temperatura,0.07,0.36,0.02,1.0,0.06,0.0,12.11,0.36,0.39,13.11,0.24,1.52,5.15
Kit 3 Calças Jogger Masculina Jeans Com Punho Elastico,182.34,9,165.93,4.3,779,1000,6 meses menor temperatura,0.82,0.52,0.01,2.0,0.02,0.0,13.71,0.5,1.12,14.68,0.09,0.27,4.41
5 Bermudas Fitness Feminina Tapa Bumbum Roupas Academia B05,149.41,11,132.97,4.5,6,25,6 meses maior temperatura,0.31,0.41,0.03,1.0,0.19,1.0,12.65,0.38,0.49,13.35,0.0,-0.44,2.59
Kit 3 Calça Jogger Ribana Feminina Para Academia Moda Fit,133.62,5,126.94,3.8,165,1000,6 meses menor temperatura,0.06,0.36,0.0,2.0,0.0,1.0,12.09,0.36,0.38,13.08,0.02,-0.29,4.41
Shorts Saia Jeans Plus Size Com Detalhes E Lycra,66.63,8,61.3,4.6,141,1000,6 meses maior temperatura,-0.97,0.14,0.04,1.0,0.39,1.0,9.01,0.13,-0.87,9.43,0.02,-0.32,4.41
Calça Moletom Masculina Flanelada Sem Punho Malwee,139.79,13,121.62,5.0,8,25,6 meses menor temperatura,0.16,0.38,0.01,2.0,0.39,0.0,12.31,0.34,0.28,12.84,0.0,-0.44,2.59
Kit 10 Cuecas Box Lupo Algodão Boxer Masculina Cotton Com Nf,317.9,44,178.02,4.5,795,10000,alta frequência,2.92,0.97,0.11,3.0,0.01,0.0,17.04,0.54,1.35,15.13,0.09,0.28,5.15
Kit 3 Short Jeans Cintura Alta Levanta Bumbum Destroyed,129.91,10,116.92,4.6,68,100,6 meses maior temperatura,0.01,0.35,0.04,1.0,0.39,1.0,11.95,0.33,0.19,12.62,0.01,-0.38,3.38
Calça Social Plus Size Feminina Roupa 50 Ao 54,69.54,16,58.41,4.5,91,1000,6 meses menor temperatura,-0.93,0.15,0.0,2.0,0.0,1.0,9.18,0.12,-0.93,9.22,0.01,-0.36,4.41
Kit Com 4 Cueca Box Zorba Algodão - Boxer Sem Costura 781,105.99,25,79.49,4.7,215,1000,alta frequência,-0.36,0.27,0.03,3.0,0.39,0.0,10.98,0.2,-0.53,10.63,0.02,-0.25,4.41
Kit 4 Cuecas Boxer Lupo Em Algodão Masculina Cotton Original,89.9,22,70.12,4.6,2386,10000,6 meses maior temperatura,-0.61,0.21,0.11,1.0,0.39,0.0,10.25,0.17,-0.71,10.03,0.26,1.74,5.15
Calça Térmica Masculina Roupa De Frio Forrada Legging,78.28,35,50.88,4.6,7,50,6 meses maior temperatura,-0.79,0.17,0.0,1.0,0.0,0.0,9.66,0.1,-1.07,8.64,0.0,-0.44,3.0
Short Jeans Feminino Cintura Alta Com Lycra Barra Desfiada,44.29,6,41.63,4.4,239,1000,6 meses maior temperatura,-1.32,0.06,0.06,1.0,0.39,1.0,7.5,0.07,-1.25,7.84,0.03,-0.23,4.41
Roupa Conjunto Térmica Grossa Frio Extremo Forrada + Brinde,139.71,11,124.34,4.7,212,1000,6 meses menor temperatura,0.16,0.38,0.0,2.0,0.01,1.0,12.31,0.35,0.33,12.96,0.02,-0.25,4.41
Kit 3 Short Curto Soltinho Malha De Moletom C/bolso G1 Ao G6,113.6,8,104.51,4.0,3,25,6 meses maior temperatura,-0.25,0.29,0.02,1.0,0.39,1.0,11.3,0.28,-0.05,12.01,0.0,-0.44,2.59
Shorts adidas 3 Stripes - Original,199.99,11,177.99,4.3,27,100,6 meses maior temperatura,1.09,0.58,0.04,1.0,0.0,0.0,14.22,0.54,1.35,15.13,0.0,-0.42,3.38
Minhocão Calça Ceroula Masculina Long Leg Mijão Promoção,78.49,50,39.24,4.7,208,1000,alta frequência,-0.79,0.18,0.0,3.0,0.39,0.0,9.67,0.06,-1.29,7.62,0.02,-0.26,4.41
Shorts Moletom Masculino Infantil Kit 7 Peças Promoção Cores,139.37,9,126.83,4.5,26,100,6 meses maior temperatura,0.15,0.38,0.01,1.0,0.0,4.0,12.3,0.36,0.37,13.08,0.0,-0.42,3.38
Bermuda Short Jeans Masculino Plus Size 36 Ao 56 Elastano,78.63,5,74.7,4.8,6,50,6 meses maior temperatura,-0.79,0.18,0.01,1.0,0.39,0.0,9.68,0.18,-0.62,10.33,0.0,-0.44,3.0
Calça Treino Essentials 3 Listras Masculina adidas Novo,299.68,36,191.8,4.8,19,50,6 meses menor temperatura,2.64,0.91,0.04,2.0,0.19,0.0,16.66,0.59,1.61,15.62,0.0,-0.43,3.0
Short Saia Jeans Plus Size Feminino Cintura Alta Com Lycra,72.88,11,64.86,4.9,77,100,6 meses maior temperatura,-0.88,0.16,0.06,1.0,0.39,1.0,9.37,0.15,-0.81,9.68,0.01,-0.38,3.38
Camiseta Masculina Básica Atacado Algodão Penteado 5 Peças,129.12,19,104.59,4.8,21,50,demanda regular,-0.01,0.34,0.01,0.0,0.0,0.0,11.92,0.29,-0.05,12.01,0.0,-0.43,3.0
Kit 3 Short Jeans Feminino Cintura Alta Com Lycra Modelador,149.17,18,122.32,4.4,8,5,6 meses maior temperatura,0.31,0.41,0.04,1.0,0.39,1.0,12.64,0.35,0.29,12.87,0.0,-0.44,1.44
Calça Jeans Super Lipo Feminina Azul Sawary,183.99,38,114.07,4.6,18,100,6 meses menor temperatura,0.85,0.53,0.03,2.0,0.39,1.0,13.76,0.32,0.13,12.48,0.0,-0.43,3.38
Short Masculino Malha Plana Aeroready adidas,129.99,5,123.49,4.8,14,100,demanda regular,0.01,0.35,0.04,0.0,0.19,0.0,11.95,0.35,0.31,12.93,0.0,-0.43,3.38
Kit 9 Cuecas Lupo Slip Masculino Algodão Adulto Original,229.64,24,174.53,4.5,11,50,6 meses menor temperatura,1.55,0.68,0.11,2.0,0.39,0.0,15.02,0.53,1.28,15.0,0.0,-0.44,3.0
"Kit Com 4 Short Para Usar Embaixo Da Roupa, Vestido, Saia",57.93,11,51.56,4.2,88,1000,6 meses maior temperatura,-1.11,0.11,0.02,1.0,0.19,1.0,8.47,0.1,-1.06,8.69,0.01,-0.37,4.41
Macacão Roupa De Apicultor Completa Proteção Contra Abelhas,203.88,24,154.95,4.3,178,1000,demanda regular,1.15,0.59,0.05,0.0,0.03,2.0,14.33,0.46,0.91,14.26,0.02,-0.28,4.41
Calça Jeans Cigarrete Feminina Índigo Índigo Sawary Oferta,138.2,47,73.25,4.5,39,100,6 meses maior temperatura,0.14,0.37,0.03,1.0,0.39,1.0,12.25,0.18,-0.65,10.24,0.0,-0.41,3.38
Kit 5 Cuecas Anti Assadura Sem Atrito Academia E Corrida,149.97,16,125.97,5.0,11,50,6 meses maior temperatura,0.32,0.41,0.03,1.0,0.08,0.0,12.67,0.36,0.36,13.04,0.0,-0.44,3.0
Calça Jeans Infantil Masculina Roupa Brim Meninos,46.82,11,41.67,4.8,137,1000,demanda regular,-1.28,0.07,0.0,0.0,0.0,4.0,7.69,0.07,-1.25,7.85,0.01,-0.32,4.41
Kit Com 05 Shorts Estampado Feminino Adulto Extra Plus-size,78.1,5,74.19,4.1,12,100,6 meses maior temperatura,-0.8,0.17,0.0,1.0,0.19,1.0,9.65,0.18,-0.63,10.3,0.0,-0.43,3.38
Macacão Roupa De Apicultor Completa Proteção Contra Abelhas,203.88,24,154.95,4.3,178,1000,demanda regular,1.15,0.59,0.05,0.0,0.03,2.0,14.33,0.46,0.91,14.26,0.02,-0.28,4.41
Camiseta Branca Unissex 100% Algodão Premium Camisa Básica,38.38,11,34.16,4.7,169,1000,demanda regular,-1.41,0.04,0.0,0.0,0.39,2.0,7.02,0.04,-1.39,7.12,0.02,-0.29,4.41
"Bermuda Térmica Masculina Esportiva Corrida, Academia Treino",48.52,24,36.88,4.8,1004,10000,6 meses maior temperatura,-1.26,0.08,0.03,1.0,0.08,0.0,7.82,0.05,-1.34,7.39,0.11,0.47,5.15
Kit 10 Cuecas Boxer Mash Algodão Cotton Box Original Oferta,229.39,22,178.92,4.6,1700,10000,6 meses maior temperatura,1.55,0.68,0.03,1.0,0.39,0.0,15.01,0.54,1.37,15.16,0.19,1.11,5.15
Short Jeans Feminino Cintura Alta Levanta Bumbum Com Lycra,45.22,8,41.6,4.8,36,100,6 meses maior temperatura,-1.31,0.07,0.06,1.0,0.39,1.0,7.57,0.07,-1.25,7.84,0.0,-0.41,3.38
Short Jeans Feminino Cintura Alta Destroyed Hot Pants Curto,49.41,11,43.97,4.5,33,100,6 meses maior temperatura,-1.24,0.08,0.06,1.0,0.39,1.0,7.88,0.07,-1.2,8.06,0.0,-0.42,3.38
Calça Jeans Wide Leg Feminina Sawary,188.99,36,120.95,4.8,52,100,6 meses menor temperatura,0.92,0.54,0.03,2.0,0.39,1.0,13.9,0.34,0.26,12.81,0.01,-0.4,3.38
Kit 10 Cuecas Boxer Lupo Cueca Box Algodão Masculina Atacado,232.89,18,190.97,4.5,3036,10000,6 meses menor temperatura,1.6,0.69,0.11,2.0,0.39,0.0,15.1,0.59,1.6,15.59,0.33,2.33,5.15
Kit Com 10 Cuecas Boxer Algodão Sem Costura Zorba 781,199.9,20,159.92,4.7,5688,50000,demanda regular,1.09,0.58,0.03,0.0,0.39,0.0,14.22,0.48,1.01,14.45,0.63,4.76,5.54
Macacão Apicultor Roupa Proteção Abelha Com Máscara + Brinde,166.21,10,149.59,4.1,332,1000,demanda regular,0.57,0.47,0.05,0.0,0.39,2.0,13.21,0.44,0.81,14.05,0.04,-0.14,4.41
Bermuda Térmica Anti Assadura Feminina Shorts Esporte Novo,48.11,14,41.37,4.7,40,100,6 meses maior temperatura,-1.26,0.07,0.03,1.0,0.08,1.0,7.79,0.07,-1.25,7.82,0.0,-0.41,3.38
Kit 6 Cuecas Box Boxer Lupo Sem Costura Masculina Microfibra,183.88,20,147.1,4.8,325,1000,6 meses maior temperatura,0.84,0.53,0.11,1.0,0.08,0.0,13.75,0.43,0.76,13.94,0.04,-0.15,4.41
Short Jeans Plus Size Feminino Cintura Alta Com Lycra Curto,59.1,8,54.37,4.2,9,25,6 meses maior temperatura,-1.09,0.11,0.04,1.0,0.39,1.0,8.54,0.11,-1.01,8.91,0.0,-0.44,2.59
Kit 3 Bermudas Fitness Roupas Femininas Com Tapa Bumbum B05,116.81,36,74.76,5.0,7,25,6 meses maior temperatura,-0.2,0.3,0.03,1.0,0.01,1.0,11.44,0.18,-0.62,10.33,0.0,-0.44,2.59
Calça Jeans Feminina Boot Cut Índigo Sawary,144.99,17,120.34,4.5,318,1000,6 meses maior temperatura,0.24,0.4,0.03,1.0,0.39,1.0,12.5,0.34,0.25,12.78,0.03,-0.15,4.41
Kit 2 Cuecas Boxer Lupo Basic Microfibra Sem Costura Box,69.99,30,48.99,4.8,1429,10000,6 meses maior temperatura,-0.92,0.15,0.11,1.0,0.08,0.0,9.2,0.09,-1.11,8.48,0.16,0.86,5.15
Kit 5 Short Saia Rodado Fitness Feminino Roupas De Academia,159.32,21,125.86,5.0,8,50,6 meses maior temperatura,0.46,0.44,0.03,1.0,0.19,1.0,12.98,0.36,0.36,13.03,0.0,-0.44,3.0
Calça Feminina Jeans Boot Índigo Sawary,158.99,30,111.29,4.7,71,100,6 meses menor temperatura,0.46,0.44,0.03,2.0,0.39,1.0,12.97,0.31,0.08,12.35,0.01,-0.38,3.38
Bolero De Plush Com Tiara Bebe Menina Infantil Várias Cores,44.23,10,39.81,4.8,160,1000,6 meses menor temperatura,-1.32,0.06,0.0,2.0,0.0,6.0,7.49,0.06,-1.28,7.68,0.02,-0.3,4.41
Conjunto Térmico Inverno Frio Extremo Forro Fleece Roupa Nev,119.54,34,78.9,4.1,25,100,6 meses menor temperatura,-0.15,0.31,0.01,2.0,0.0,1.0,11.55,0.2,-0.54,10.59,0.0,-0.42,3.38
Short Jeans Feminino Destroyed Cós Alto Com Lycra Desfiado,44.49,10,40.04,4.2,53,100,6 meses maior temperatura,-1.32,0.06,0.04,1.0,0.06,1.0,7.52,0.06,-1.28,7.7,0.01,-0.4,3.38
Calça Jeans Feminina Cintura Alta Com Lycra Levanta Bumbum,149.99,6,140.99,4.5,329,1000,6 meses menor temperatura,0.32,0.41,0.0,2.0,0.03,1.0,12.67,0.41,0.64,13.69,0.04,-0.14,4.41
Kit 3 Calça Jeans Feminina Levanta Bumbum Cintura Alta,174.24,5,165.53,4.3,312,1000,6 meses menor temperatura,0.69,0.49,0.06,2.0,0.39,1.0,13.46,0.5,1.11,14.67,0.03,-0.16,4.41
Roupa De Frio Térmica Feminina Blusa E Calça Segunda Pele,89.49,35,58.17,4.6,29,100,demanda regular,-0.62,0.21,0.0,0.0,0.0,2.0,10.23,0.12,-0.93,9.2,0.0,-0.42,3.38
Calça Feminina Jogger Malha De Viscolycra Esportiva Cós Alto,63.78,8,58.68,4.2,14,50,demanda regular,-1.02,0.13,0.0,0.0,0.01,1.0,8.84,0.13,-0.92,9.24,0.0,-0.43,3.0
Conjunto Motocross Amx Infantil Moto Azul/vermelho/branco,190.5,5,180.98,4.5,14,100,demanda regular,0.95,0.55,0.0,0.0,0.19,3.0,13.95,0.55,1.41,15.24,0.0,-0.43,3.38
Kit 05 Shorts De Academia Treino Roupas Moda Fitness Atacado,119.96,16,100.77,4.2,5,25,demanda regular,-0.15,0.31,0.03,0.0,0.19,1.0,11.56,0.27,-0.12,11.82,0.0,-0.44,2.59
Kit 10 Cueca Boxer Lupo Sunga Box Algodão 100% Original,247.5,30,173.25,4.7,26,100,6 meses menor temperatura,1.83,0.74,0.11,2.0,0.39,0.0,15.47,0.52,1.26,14.96,0.0,-0.42,3.38
Kit 2 Calças Jeans Masculina Com Lycra.,134.3,5,127.58,4.6,2146,10000,6 meses maior temperatura,0.07,0.36,0.02,1.0,0.06,0.0,12.11,0.36,0.39,13.11,0.24,1.52,5.15
Conjunto Blusa Calça Feminina Roupa Inverno Promoção J11,78.22,11,69.62,4.8,38,100,demanda regular,-0.79,0.17,0.0,0.0,0.0,1.0,9.66,0.16,-0.72,10.0,0.0,-0.41,3.38
Kit 3 Calças Jogger Masculina Jeans Com Punho Elastico,182.34,9,165.93,4.3,779,1000,6 meses menor temperatura,0.82,0.52,0.01,2.0,0.02,0.0,13.71,0.5,1.12,14.68,0.09,0.27,4.41
Shorts Masculino Squadra 21 adidas,119.99,30,83.99,4.7,82,100,demanda regular,-0.15,0.31,0.04,0.0,0.19,0.0,11.56,0.21,-0.44,10.89,0.01,-0.37,3.38
Kit 10 Cuecas Boxer Lupo Cueca Box Algodão Atacado Original,218.61,11,194.56,4.6,78,1000,6 meses menor temperatura,1.38,0.64,0.11,2.0,0.39,0.0,14.73,0.6,1.67,15.71,0.01,-0.37,4.41
Kit 3 Calça Jeans Feminina Levanta Bumbum Atacado,179.41,8,165.06,4.3,9,50,6 meses menor temperatura,0.77,0.51,0.06,2.0,0.39,1.0,13.62,0.5,1.1,14.65,0.0,-0.44,3.0
Kit 5 Cuecas Anti Assadura Esportiva Sem Costura Premium,199.97,37,125.98,4.9,50,100,6 meses maior temperatura,1.09,0.58,0.03,1.0,0.08,0.0,14.22,0.36,0.36,13.04,0.01,-0.4,3.38
Kit 3 Short Bermuda Masculina Dry Fit Academia Plus Size,135.31,10,121.78,4.8,33,100,6 meses maior temperatura,0.09,0.36,0.02,1.0,0.19,0.0,12.15,0.34,0.28,12.85,0.0,-0.42,3.38
Conjuntinho Mozao Casal Homem Mulher Estampado Viagem Roupa,78.7,37,49.58,4.8,8,100,6 meses maior temperatura,-0.79,0.18,0.0,1.0,0.19,2.0,9.68,0.09,-1.1,8.53,0.0,-0.44,3.38
Calça Legging Moletom Infantil Menina Malwee Kids,51.27,11,45.63,5.0,6,25,6 meses menor temperatura,-1.21,0.09,0.0,2.0,0.39,5.0,8.02,0.08,-1.17,8.2,0.0,-0.44,2.59
Kit 6 Cuecas Box Sem Costura Boxer Lupo Microfibra Original,183.06,15,155.6,4.7,76,1000,6 meses maior temperatura,0.83,0.52,0.11,1.0,0.08,0.0,13.73,0.46,0.92,14.29,0.01,-0.38,4.41
Conjunto Calça Blusa Térmica Roupafrio Segunda Pele Feminino,139.32,44,78.02,4.0,16,100,6 meses menor temperatura,0.15,0.38,0.0,2.0,0.0,1.0,12.29,0.19,-0.56,10.54,0.0,-0.43,3.38
Calça Mom Consciencia Jeans 00101 Jeans Medio,153.19,20,122.55,4.7,6,25,6 meses menor temperatura,0.37,0.42,0.0,2.0,0.0,1.0,12.78,0.35,0.29,12.88,0.0,-0.44,2.59
Short Saia Rodado Fitness Feminino Roupas Para Academia,37.19,22,29.01,4.9,18,100,6 meses maior temperatura,-1.43,0.04,0.02,1.0,0.19,1.0,6.91,0.02,-1.49,6.55,0.0,-0.43,3.38
Combo 4 Bermudas Plus Size Até O Joelho Estampada Cós Alto,116.62,10,104.96,4.1,39,100,6 meses maior temperatura,-0.2,0.3,0.0,1.0,0.19,1.0,11.43,0.29,-0.04,12.03,0.0,-0.41,3.38
Kit 4 Cuecas Lupo Algodão Sunga Boxer Adulto Cotton Original,85.53,19,69.28,4.5,193,1000,6 meses menor temperatura,-0.68,0.2,0.11,2.0,0.39,0.0,10.03,0.16,-0.72,9.98,0.02,-0.27,4.41
Kit 03 Conjuntos Top + Short Roupas Para Academia Atacado,136.04,24,103.39,4.2,115,1000,6 meses maior temperatura,0.1,0.37,0.02,1.0,0.01,1.0,12.18,0.28,-0.07,11.95,0.01,-0.34,4.41
Kit 4 Cuecas Boxer Mash Algodão Cotton Box Original Oferta,78.46,7,72.97,4.8,46,100,alta frequência,-0.79,0.18,0.03,3.0,0.39,0.0,9.67,0.18,-0.65,10.22,0.0,-0.4,3.38
Kit C/3 Un Camisas Blusas Masculinas Long Line Oversize Swag,78.16,6,73.47,4.6,1396,10000,6 meses maior temperatura,-0.8,0.17,0.0,1.0,0.0,0.0,9.65,0.18,-0.64,10.25,0.15,0.83,5.15
Kit 10 Cuecas Boxer Lupo Microfibra Sem Costura Box Original,321.32,20,257.06,4.8,197,1000,alta frequência,2.98,0.98,0.11,3.0,0.08,0.0,17.11,0.82,2.86,17.66,0.02,-0.27,4.41
Calça Moletom Masculina Flanelada Com Punho Malwee,119.79,11,106.61,4.6,155,1000,6 meses menor temperatura,-0.15,0.31,0.01,2.0,0.39,0.0,11.56,0.29,-0.01,12.12,0.02,-0.3,4.41
Short Saia Jeans Plus Size Feminino Cintura Alta Com Lycra,72.88,11,64.86,4.9,77,100,6 meses maior temperatura,-0.88,0.16,0.06,1.0,0.39,1.0,9.37,0.15,-0.81,9.68,0.01,-0.38,3.38
Calça Masculina Aeroready Sereno Slim Legend Ink adidas,249.99,13,217.49,4.2,10,100,6 meses maior temperatura,1.87,0.75,0.04,1.0,0.19,0.0,15.53,0.68,2.1,16.47,0.0,-0.44,3.38
Kit 2 Calças Masculina Jeans Pra Trabalho Corte Reto,128.63,10,115.77,4.6,34,100,6 meses menor temperatura,-0.01,0.34,0.0,2.0,0.0,0.0,11.9,0.32,0.16,12.56,0.0,-0.41,3.38
Roupa Feminina Plus Size Blusa Calça Frio Peluciado Proteção,132.56,42,76.88,4.6,5,25,6 meses menor temperatura,0.05,0.36,0.01,2.0,0.01,1.0,12.05,0.19,-0.58,10.47,0.0,-0.44,2.59
Kit 3 Cuecas Masculinas Slip Cotton Calvin Klein,229.9,30,160.93,5.0,102,1000,6 meses maior temperatura,1.56,0.68,0.0,1.0,0.39,0.0,15.02,0.48,1.02,14.49,0.01,-0.35,4.41
"Kit Com 4 Short Para Usar Embaixo Da Roupa, Vestido, Saia",57.93,11,51.56,4.2,88,1000,6 meses maior temperatura,-1.11,0.11,0.02,1.0,0.19,1.0,8.47,0.1,-1.06,8.69,0.01,-0.37,4.41
Macacão Roupa De Apicultor Completa Proteção Contra Abelhas,203.88,24,154.95,4.3,178,1000,demanda regular,1.15,0.59,0.05,0.0,0.03,2.0,14.33,0.46,0.91,14.26,0.02,-0.28,4.41
Short Masculino Logo adidas,119.99,30,83.99,4.7,14,100,demanda regular,-0.15,0.31,0.04,0.0,0.19,0.0,11.56,0.21,-0.44,10.89,0.0,-0.43,3.38
Moletom Infantil Calça Masculina Juvenil Kit 3 Calca Moleton,99.93,41,58.96,3.3,24,100,6 meses menor temperatura,-0.46,0.25,0.02,2.0,0.39,2.0,10.72,0.13,-0.92,9.26,0.0,-0.42,3.38
Macacão Roupa De Apicultor Completa Proteção Contra Abelhas,203.88,24,154.95,4.3,178,1000,demanda regular,1.15,0.59,0.05,0.0,0.03,2.0,14.33,0.46,0.91,14.26,0.02,-0.28,4.41
Kit 10 Cuecas Boxer Mash Algodão Cotton Box Original Oferta,229.39,22,178.92,4.6,1701,10000,6 meses maior temperatura,1.55,0.68,0.03,1.0,0.39,0.0,15.01,0.54,1.37,15.16,0.19,1.11,5.15
"Bermuda Térmica Masculina Esportiva Corrida, Academia Treino",48.52,24,36.88,4.8,1005,10000,6 meses maior temperatura,-1.26,0.08,0.03,1.0,0.08,0.0,7.82,0.05,-1.34,7.39,0.11,0.47,5.15
Calça Feminina Sarja Mom - 274383 Verde Sawary,185.99,24,141.35,4.8,18,50,6 meses menor temperatura,0.88,0.53,0.01,2.0,0.39,1.0,13.81,0.41,0.65,13.71,0.0,-0.43,3.0
Lote 10 Short Infantil Roupa Menina Atacado De Cotom Oferta,199.99,10,179.99,4.5,10,50,6 meses maior temperatura,1.09,0.58,0.0,1.0,0.0,5.0,14.22,0.55,1.39,15.2,0.0,-0.44,3.0
Conjunto Feminino Calça E Blusa Manga Longa Social Roupafrio,129.5,8,119.14,4.4,255,1000,6 meses menor temperatura,0.0,0.35,0.0,2.0,0.01,1.0,11.93,0.34,0.23,12.72,0.03,-0.21,4.41
Calça Jeans Infantil Wideleg Destroyed Menina Blogueirinha,119.55,10,107.6,4.7,58,100,6 meses maior temperatura,-0.15,0.31,0.0,1.0,0.0,5.0,11.55,0.3,0.01,12.17,0.01,-0.39,3.38
Kit 10 Cuecas Boxer Selene Box Microfibra Masculina Atacado,239.89,25,179.92,4.8,278,1000,6 meses menor temperatura,1.71,0.71,0.0,2.0,0.02,0.0,15.28,0.55,1.39,15.2,0.03,-0.19,4.41
Kit 10 Cuecas Boxer Lupo Cueca Box Algodão Masculina Atacado,232.89,18,190.97,4.5,3037,10000,6 meses menor temperatura,1.6,0.69,0.11,2.0,0.39,0.0,15.1,0.59,1.6,15.59,0.33,2.33,5.15
Kit Com 10 Cuecas Boxer Algodão Sem Costura Zorba 781,199.9,20,159.92,4.7,5691,50000,demanda regular,1.09,0.58,0.03,0.0,0.39,0.0,14.22,0.48,1.01,14.45,0.63,4.76,5.54
Calça Levis 505 Original 100% Algodão Revendedor Autorizado,326.55,5,310.22,4.5,25,100,6 meses menor temperatura,3.06,1.0,0.01,2.0,0.39,0.0,17.22,1.0,3.87,19.09,0.0,-0.42,3.38
Macacão Apicultor Roupa Proteção Abelha Com Máscara + Brinde,166.21,10,149.59,4.1,332,1000,demanda regular,0.57,0.47,0.05,0.0,0.39,2.0,13.21,0.44,0.81,14.05,0.04,-0.14,4.41
Short Jeans Plus Size Com Lycra Levanta Bumbum Cintura Alta,64.09,6,60.24,4.4,45,100,6 meses maior temperatura,-1.01,0.13,0.06,1.0,0.06,1.0,8.85,0.13,-0.89,9.35,0.0,-0.4,3.38
Kit 3 Short Jeans Feminino Levanta Bumbum Modela Cintura,149.67,14,128.72,4.3,27,100,6 meses maior temperatura,0.31,0.41,0.06,1.0,0.39,1.0,12.66,0.37,0.41,13.16,0.0,-0.42,3.38
Calça Jeans Original Sawary Com Lycra Roupas Femininas Dins,169.21,11,150.6,4.5,87,1000,6 meses menor temperatura,0.62,0.48,0.03,2.0,0.0,1.0,13.3,0.45,0.83,14.09,0.01,-0.37,4.41
Kit 2 Cuecas Boxer Lupo Basic Microfibra Sem Costura Box,69.99,30,48.99,4.8,1430,10000,6 meses maior temperatura,-0.92,0.15,0.11,1.0,0.08,0.0,9.2,0.09,-1.11,8.48,0.16,0.86,5.15
Roupa Térmica Flanelada Kit 2 Calças + 2 Blusas Segunda Pele,199.73,10,179.76,4.3,160,1000,6 meses menor temperatura,1.09,0.58,0.01,2.0,0.19,0.0,14.21,0.55,1.38,15.19,0.02,-0.3,4.41
Kit 5short Feminino Leve Moletinho Academia Fitness Atacado,159.99,10,143.99,4.7,118,1000,6 meses maior temperatura,0.47,0.45,0.01,1.0,0.39,1.0,13.0,0.42,0.7,13.82,0.01,-0.34,4.41
Roupa Infantil Bailarina Profissional Balé Paetês Saia Média,199.99,7,185.99,4.6,40,100,demanda regular,1.09,0.58,0.0,0.0,0.19,5.0,14.22,0.57,1.5,15.42,0.0,-0.41,3.38
Roupa Bebe Infantil Kit 10 Cuecas Boxer Menino Masculino,98.05,21,77.46,4.3,19,100,demanda regular,-0.49,0.24,0.0,0.0,0.39,4.0,10.63,0.19,-0.57,10.5,0.0,-0.43,3.38
Pijama De Frio Feminino Longo Tecido Super Confortável,78.23,30,54.76,4.7,228,1000,6 meses menor temperatura,-0.79,0.17,0.0,2.0,0.19,1.0,9.66,0.11,-1.0,8.94,0.02,-0.24,4.41
Kit 3 Bermuda Moletom Academia Ginastica Leve Estampado Top,119.91,10,107.92,4.3,20,100,demanda regular,-0.15,0.31,0.01,0.0,0.19,0.0,11.56,0.3,0.01,12.18,0.0,-0.43,3.38
Roupa Infantil Calça Jeans Branco Confortável Menino Juvenil,78.01,10,70.21,4.6,9,50,6 meses menor temperatura,-0.8,0.17,0.0,2.0,0.39,4.0,9.64,0.17,-0.7,10.04,0.0,-0.44,3.0
Kit 3 Short Jeans Feminino Cintura Alta Barato Atacado,129.2,9,117.57,4.4,508,1000,6 meses maior temperatura,-0.0,0.34,0.04,1.0,0.06,1.0,11.92,0.33,0.2,12.65,0.06,0.02,4.41
Kit 3 Calça Jeans Feminina Levanta Bumbum Cintura Alta,174.24,5,165.53,4.3,313,1000,6 meses menor temperatura,0.69,0.49,0.06,2.0,0.39,1.0,13.46,0.5,1.11,14.67,0.03,-0.16,4.41
Kit 2 Cuecas Box Boxer Zorba Algodão Sem Costura 781 Full,43.38,10,39.04,4.8,292,1000,demanda regular,-1.34,0.06,0.03,0.0,0.39,0.0,7.43,0.06,-1.3,7.6,0.03,-0.18,4.41
Roupa Feminina Short Plus Size Jeans 44 Ao 58 E Cintura Alta,77.53,11,69.0,3.8,8,100,6 meses maior temperatura,-0.81,0.17,0.0,1.0,0.03,1.0,9.62,0.16,-0.73,9.96,0.0,-0.44,3.38
Moletom Calça Juvenil Menino Kit 3 Peça Flanelada 10-12-14,69.21,5,65.75,3.7,168,1000,6 meses menor temperatura,-0.93,0.14,0.02,2.0,0.39,3.0,9.16,0.15,-0.79,9.74,0.02,-0.29,4.41
Calça Jeans Wide Leg Feminino Índigo Sawary,223.99,37,141.11,4.6,16,50,6 meses menor temperatura,1.47,0.66,0.01,2.0,0.39,1.0,14.87,0.41,0.65,13.7,0.0,-0.43,3.0
Kit 2 Calças Jeans Masculina Com Lycra.,134.3,5,127.58,4.6,2147,10000,6 meses maior temperatura,0.07,0.36,0.02,1.0,0.06,0.0,12.11,0.36,0.39,13.11,0.24,1.52,5.15
Kit 3 Calças Jogger Masculina Jeans Com Punho Elastico,182.34,9,165.93,4.3,779,1000,6 meses menor temperatura,0.82,0.52,0.01,2.0,0.02,0.0,13.71,0.5,1.12,14.68,0.09,0.27,4.41
Short Masculino Malha Colorblock Aeroready adidas Novo,179.99,30,125.99,4.5,8,50,6 meses menor temperatura,0.78,0.51,0.04,2.0,0.19,0.0,13.64,0.36,0.36,13.04,0.0,-0.44,3.0
Kit 4 Cuecas Boxer Lupo Em Algodão Masculina Cotton Original,89.9,22,70.12,4.6,2387,10000,6 meses maior temperatura,-0.61,0.21,0.11,1.0,0.39,0.0,10.25,0.17,-0.71,10.03,0.26,1.74,5.15
Calça Jeans Infantil Juvenil Masculina C/ Elastano Mzocokids,64.47,12,56.73,4.7,11,100,6 meses menor temperatura,-1.01,0.13,0.0,2.0,0.0,4.0,8.88,0.12,-0.96,9.09,0.0,-0.44,3.38
Calça Linho Mom Feminina Bege Sawary,192.99,16,162.11,4.8,26,50,6 meses menor temperatura,0.99,0.56,0.01,2.0,0.39,1.0,14.02,0.49,1.05,14.54,0.0,-0.42,3.0
Bermuda Infantil Jeans Masculino Roupa Short Menino,42.26,11,37.61,4.5,19,100,6 meses maior temperatura,-1.35,0.06,0.01,1.0,0.03,4.0,7.34,0.05,-1.32,7.46,0.0,-0.43,3.38
Kit 3 Cuecas Low Rise Trunk Calvin Klein,239.9,26,177.53,4.6,32,100,6 meses menor temperatura,1.71,0.71,0.0,2.0,0.39,0.0,15.28,0.54,1.34,15.11,0.0,-0.42,3.38
Kit 4 Bermudas Plusais Estampada Caminhada Ultimas Unidades,105.93,11,94.28,2.3,4,25,6 meses maior temperatura,-0.37,0.27,0.0,1.0,0.19,1.0,10.98,0.25,-0.25,11.47,0.0,-0.44,2.59
